Année de naissance;Code commune;Libellé commune;Sexe;Prénom;Nombre
2018;35238;Rennes;Masculin;Abdoulmalik;1
2018;35238;Rennes;Masculin;Issam;2
2018;35238;Rennes;Masculin;Bilel;1
2018;35238;Rennes;Masculin;Cillian;1
2018;35238;Rennes;Masculin;Cristian;1
2018;35238;Rennes;Masculin;Dann;1
2018;35238;Rennes;Masculin;Kays;4
2018;35238;Rennes;Masculin;Emrys;1
2018;35238;Rennes;Masculin;Lenny;5
2018;35238;Rennes;Masculin;Estéban;1
2018;35238;Rennes;Masculin;Helias;1
2018;35238;Rennes;Masculin;Heyllan;1
2018;35238;Rennes;Masculin;Irmane;1
2018;35238;Rennes;Masculin;Jiuliann;1
2018;35238;Rennes;Masculin;Mayronn;2
2018;35238;Rennes;Masculin;Milan;3
2018;35238;Rennes;Masculin;Kewann;1
2018;35238;Rennes;Masculin;Killiam;1
2018;35238;Rennes;Masculin;Konner;1
2018;35238;Rennes;Masculin;Léni;1
2018;35238;Rennes;Masculin;Léonel;1
2018;35238;Rennes;Masculin;Léophile;1
2018;35238;Rennes;Masculin;Loghan;1
2018;35238;Rennes;Masculin;Lohann;1
2018;35238;Rennes;Masculin;Manech;1
2018;35238;Rennes;Masculin;Manek;1
2018;35238;Rennes;Masculin;Raphaël;42
2018;35238;Rennes;Masculin;Milkyas;1
2018;35238;Rennes;Masculin;Morgann;1
2018;35238;Rennes;Masculin;Mouad;1
2018;35238;Rennes;Masculin;Neil;1
2018;35238;Rennes;Masculin;Shayame;1
2018;35238;Rennes;Masculin;Sihamoni;1
2018;35238;Rennes;Masculin;Silâh;1
2018;35238;Rennes;Masculin;Valentin;11
2018;35238;Rennes;Masculin;Toma;1
2018;35238;Rennes;Masculin;Yaël;1
2018;35238;Rennes;Masculin;Ydris;1
2018;35238;Rennes;Masculin;Ysmael;1
2018;35238;Rennes;Féminin;Ariane;2
2018;35238;Rennes;Féminin;Eléana;2
2018;35238;Rennes;Féminin;Adélaïde;1
2018;35238;Rennes;Féminin;Aëlis;1
2018;35238;Rennes;Féminin;Aëlya;1
2018;35238;Rennes;Féminin;Faustine;8
2018;35238;Rennes;Féminin;Aneiby;1
2018;35238;Rennes;Féminin;Hermione;2
2018;35238;Rennes;Féminin;Chaima;1
2018;35238;Rennes;Féminin;Christine;1
2018;35238;Rennes;Masculin;Abel;8
2018;35238;Rennes;Masculin;Alban;6
2018;35238;Rennes;Masculin;Arthur;59
2018;35238;Rennes;Féminin;Aliénor;6
2018;35238;Rennes;Féminin;Castille;4
2018;35238;Rennes;Masculin;Hicham;1
2018;35238;Rennes;Masculin;Jack;1
2018;35238;Rennes;Masculin;Mathieu;4
2018;35238;Rennes;Masculin;Joam;1
2018;35238;Rennes;Masculin;Kalis;1
2018;35238;Rennes;Masculin;Lansana;1
2018;35238;Rennes;Masculin;Lenn's;1
2018;35238;Rennes;Masculin;Lorenz;1
2018;35238;Rennes;Masculin;Noam;16
2018;35238;Rennes;Masculin;Mame;1
2018;35238;Rennes;Masculin;Mouheb;1
2018;35238;Rennes;Masculin;Od-Erdene;1
2018;35238;Rennes;Masculin;Thibault;2
2018;35238;Rennes;Masculin;Télio;3
2018;35238;Rennes;Masculin;Willyam;1
2018;35238;Rennes;Masculin;Constant;2
2018;35238;Rennes;Masculin;Apollinaire;1
2018;35238;Rennes;Masculin;Aziel;1
2018;35238;Rennes;Masculin;Carlos;1
2018;35238;Rennes;Masculin;Kaïs;8
2018;35238;Rennes;Masculin;Kymani;2
2018;35238;Rennes;Masculin;Etann;1
2018;35238;Rennes;Féminin;Hiba;2
2018;35238;Rennes;Féminin;Astrid;1
2018;35238;Rennes;Féminin;Célya;1
2018;35238;Rennes;Féminin;Dilek;1
2018;35238;Rennes;Féminin;Elissa;1
2018;35238;Rennes;Féminin;Laïa;2
2018;35238;Rennes;Féminin;Gwladys;1
2018;35238;Rennes;Féminin;Héline;1
2018;35238;Rennes;Féminin;Louna;12
2018;35238;Rennes;Féminin;Lyia;2
2018;35238;Rennes;Féminin;Izaïna;1
2018;35238;Rennes;Féminin;Joanna;1
2018;35238;Rennes;Féminin;Kylie;1
2018;35238;Rennes;Féminin;Liyanna;1
2018;35238;Rennes;Féminin;Lynaé;1
2018;35238;Rennes;Féminin;Naïla;4
2018;35238;Rennes;Féminin;Rabia;2
2018;35238;Rennes;Féminin;Nihane;1
2018;35238;Rennes;Féminin;Noreen;1
2018;35238;Rennes;Féminin;Sasha;2
2018;35238;Rennes;Féminin;Tania;2
2018;35238;Rennes;Féminin;Zaïnab;1
2018;35238;Rennes;Féminin;Zhéandia;1
2018;35238;Rennes;Féminin;Ania;1
2018;35238;Rennes;Féminin;Aylen;1
2018;35238;Rennes;Féminin;Ekemai-Christina;1
2018;35238;Rennes;Féminin;Élisabeth;1
2018;35238;Rennes;Féminin;Laura;9
2018;35238;Rennes;Féminin;Gegeen-Khuslen;1
2018;35238;Rennes;Féminin;Hermine;1
2018;35238;Rennes;Féminin;Inayah;1
2018;35238;Rennes;Féminin;Itzel;1
2018;35238;Rennes;Féminin;Ivy;1
2018;35238;Rennes;Féminin;Keziah;1
2018;35238;Rennes;Masculin;Ömer-Ali;1
2018;35238;Rennes;Masculin;Saifeddine;1
2018;35238;Rennes;Masculin;Yakine;1
2018;35238;Rennes;Masculin;Zamlin;1
2018;35238;Rennes;Féminin;Athéna;2
2018;35238;Rennes;Féminin;Enola;2
2018;35238;Rennes;Féminin;Ahlem;1
2018;35238;Rennes;Féminin;Alhéna;1
2018;35238;Rennes;Masculin;Emine;1
2018;35238;Rennes;Masculin;Leny;2
2018;35238;Rennes;Masculin;Eulyce;1
2018;35238;Rennes;Masculin;Kassem;1
2018;35238;Rennes;Masculin;Keyven;1
2018;35238;Rennes;Masculin;Naïl;2
2018;35238;Rennes;Masculin;Mayeul;1
2018;35238;Rennes;Masculin;Mekseb;1
2018;35238;Rennes;Féminin;Kahyna;1
2018;35238;Rennes;Féminin;Kelly;1
2018;35238;Rennes;Féminin;Kelsy;1
2018;35238;Rennes;Féminin;Kelya;1
2018;35238;Rennes;Féminin;Keyssi;1
2018;35238;Rennes;Féminin;Krystal;1
2018;35238;Rennes;Féminin;Kynane;1
2018;35238;Rennes;Féminin;Léann;1
2018;35238;Rennes;Féminin;Léanna;1
2018;35238;Rennes;Féminin;Léia;1
2018;35238;Rennes;Féminin;Lilianna;1
2018;35238;Rennes;Féminin;Lilie;1
2018;35238;Rennes;Féminin;Milla;2
2018;35238;Rennes;Féminin;Mina;4
2018;35238;Rennes;Féminin;Maëlis;1
2018;35238;Rennes;Féminin;Nour;5
2018;35238;Rennes;Féminin;Océane;8
2018;35238;Rennes;Féminin;Moiriziki;1
2018;35238;Rennes;Féminin;Oriane;1
2018;35238;Rennes;Féminin;Rayna-Fadoum;1
2018;35238;Rennes;Féminin;Sabah;1
2018;35238;Rennes;Féminin;Shannone;1
2018;35238;Rennes;Féminin;Sheyna;1
2018;35238;Rennes;Féminin;Sujud;1
2018;35238;Rennes;Féminin;Tessa;1
2018;35238;Rennes;Féminin;Thiya;1
2018;35238;Rennes;Féminin;Vanille;1
2018;35238;Rennes;Féminin;Vanyella;1
2018;35238;Rennes;Féminin;Wihem;1
2018;35238;Rennes;Féminin;Yali;1
2018;35238;Rennes;Masculin;Muhammet-Ömer;1
2018;35238;Rennes;Masculin;Naïr;1
2018;35238;Rennes;Masculin;Sam;2
2018;35238;Rennes;Masculin;Samuel;8
2018;35238;Rennes;Masculin;Nolane;1
2018;35238;Rennes;Masculin;Rhys;1
2018;35238;Rennes;Masculin;Rodérick;1
2018;35238;Rennes;Masculin;Sylvain;1
2018;35238;Rennes;Masculin;Telo;1
2018;35238;Rennes;Masculin;Yaniss;2
2018;35238;Rennes;Masculin;Ugo;1
2018;35238;Rennes;Masculin;Vianney;1
2018;35238;Rennes;Masculin;Yasser;1
2018;35238;Rennes;Masculin;Zayd;1
2018;35238;Rennes;Féminin;Azylis;5
2018;35238;Rennes;Féminin;Amira;3
2018;35238;Rennes;Féminin;Ashley;2
2018;35238;Rennes;Féminin;Azilys;2
2018;35238;Rennes;Féminin;Bouchra;2
2018;35238;Rennes;Féminin;Dina;6
2018;35238;Rennes;Féminin;Ellie;6
2018;35238;Rennes;Féminin;Aéla;1
2018;35238;Rennes;Féminin;Aeleen;1
2018;35238;Rennes;Féminin;Aïdenn;1
2018;35238;Rennes;Féminin;Aïla;1
2018;35238;Rennes;Féminin;Aleksandra;1
2018;35238;Rennes;Masculin;Cyril;1
2018;35238;Rennes;Masculin;Dionys;1
2018;35238;Rennes;Masculin;Khalil;2
2018;35238;Rennes;Masculin;Eythann;1
2018;35238;Rennes;Masculin;Martin;29
2018;35238;Rennes;Masculin;Joey;1
2018;35238;Rennes;Masculin;Milann;2
2018;35238;Rennes;Masculin;Kéziah;1
2018;35238;Rennes;Masculin;Layone;1
2018;35238;Rennes;Masculin;Loïc;1
2018;35238;Rennes;Masculin;Naïm;8
2018;35238;Rennes;Masculin;Lyvan;1
2018;35238;Rennes;Masculin;Noha;2
2018;35238;Rennes;Masculin;Maluto'a;1
2018;35238;Rennes;Masculin;Owen;10
2018;35238;Rennes;Masculin;Milio;1
2018;35238;Rennes;Féminin;Anne-Élise;1
2018;35238;Rennes;Féminin;Iris;25
2018;35238;Rennes;Féminin;Damya;1
2018;35238;Rennes;Féminin;Désia;1
2018;35238;Rennes;Féminin;Édith;1
2018;35238;Rennes;Féminin;Kiara;3
2018;35238;Rennes;Féminin;Elikya;1
2018;35238;Rennes;Féminin;Élyne;1
2018;35238;Rennes;Féminin;Enorah;1
2018;35238;Rennes;Féminin;Fairouz;1
2018;35238;Rennes;Féminin;Hanifa;1
2018;35238;Rennes;Féminin;Heaven;1
2018;35238;Rennes;Féminin;Ibtissem;1
2018;35238;Rennes;Féminin;Iliana;1
2018;35238;Rennes;Féminin;Lucile;6
2018;35238;Rennes;Féminin;Ïnnaya;1
2018;35238;Rennes;Féminin;Isciane;1
2018;35238;Rennes;Féminin;Léonie;24
2018;35238;Rennes;Masculin;Aaron;12
2018;35238;Rennes;Masculin;Ali;3
2018;35238;Rennes;Masculin;Adel;2
2018;35238;Rennes;Masculin;Adhân;1
2018;35238;Rennes;Masculin;Aguibou;1
2018;35238;Rennes;Masculin;Ahmed;1
2018;35238;Rennes;Masculin;André;1
2018;35238;Rennes;Masculin;Asael;1
2018;35238;Rennes;Masculin;Asher-Junior;1
2018;35238;Rennes;Masculin;Blaise;1
2018;35238;Rennes;Masculin;Joshua;6
2018;35238;Rennes;Masculin;Mahé;12
2018;35238;Rennes;Masculin;Islem;1
2018;35238;Rennes;Masculin;Kaelig;1
2018;35238;Rennes;Masculin;Khenan;1
2018;35238;Rennes;Masculin;Lisandre;1
2018;35238;Rennes;Masculin;Maonil;1
2018;35238;Rennes;Masculin;Mun;1
2018;35238;Rennes;Masculin;Ryad;1
2018;35238;Rennes;Masculin;Sohel;1
2018;35238;Rennes;Masculin;Souheyl;1
2018;35238;Rennes;Masculin;Swanny;1
2018;35238;Rennes;Féminin;Axelle;4
2018;35238;Rennes;Féminin;Aïcha;5
2018;35238;Rennes;Féminin;Alana;3
2018;35238;Rennes;Féminin;Alis;2
2018;35238;Rennes;Féminin;Anaë;2
2018;35238;Rennes;Féminin;Elena;5
2018;35238;Rennes;Féminin;Abbie;1
2018;35238;Rennes;Féminin;Eve;2
2018;35238;Rennes;Féminin;Azélina;1
2018;35238;Rennes;Féminin;Inès;42
2018;35238;Rennes;Féminin;Azilis;1
2018;35238;Rennes;Féminin;Joy;2
2018;35238;Rennes;Féminin;Danaé;1
2018;35238;Rennes;Féminin;Effie;1
2018;35238;Rennes;Masculin;Ayden;9
2018;35238;Rennes;Féminin;Alia;6
2018;35238;Rennes;Féminin;Anaëlle;4
2018;35238;Rennes;Féminin;Asma;4
2018;35238;Rennes;Féminin;Ariana;3
2018;35238;Rennes;Féminin;Ayah;3
2018;35238;Rennes;Féminin;Alma;2
2018;35238;Rennes;Féminin;Amélia;2
2018;35238;Rennes;Féminin;Ayla;2
2018;35238;Rennes;Féminin;Elsa;16
2018;35238;Rennes;Féminin;Aaliyah;1
2018;35238;Rennes;Féminin;Aliette;1
2018;35238;Rennes;Féminin;Alyona;1
2018;35238;Rennes;Féminin;Amélya;1
2018;35238;Rennes;Masculin;Houmad;1
2018;35238;Rennes;Masculin;Irmuun;1
2018;35238;Rennes;Masculin;Ishann;1
2018;35238;Rennes;Masculin;Marcelin;2
2018;35238;Rennes;Masculin;Jayceone;1
2018;35238;Rennes;Masculin;Mathys;5
2018;35238;Rennes;Masculin;Kaïm;1
2018;35238;Rennes;Masculin;Kurtis;1
2018;35238;Rennes;Masculin;Larry;1
2018;35238;Rennes;Masculin;Louay;1
2018;35238;Rennes;Masculin;Loucas;1
2018;35238;Rennes;Masculin;Madih;1
2018;35238;Rennes;Masculin;Manaoh;1
2018;35238;Rennes;Masculin;Manoha;1
2018;35238;Rennes;Masculin;Marty;1
2018;35238;Rennes;Masculin;Mokhtar;1
2018;35238;Rennes;Masculin;Orphée;1
2018;35238;Rennes;Masculin;Sadabou;1
2018;35238;Rennes;Masculin;Tilio;8
2018;35238;Rennes;Masculin;Steeve;1
2018;35238;Rennes;Masculin;Taïwan;1
2018;35238;Rennes;Masculin;Walid;2
2018;35238;Rennes;Masculin;Thiméo;1
2018;35238;Rennes;Masculin;Vaiiti;1
2018;35238;Rennes;Masculin;Wesley;1
2018;35238;Rennes;Masculin;Yaya;1
2018;35238;Rennes;Masculin;Zyad;2
2018;35238;Rennes;Masculin;Zraïm;1
2018;35238;Rennes;Féminin;Adèle;48
2018;35238;Rennes;Masculin;Alix;3
2018;35238;Rennes;Masculin;Carl;3
2018;35238;Rennes;Masculin;Amaël;2
2018;35238;Rennes;Masculin;Brayan;2
2018;35238;Rennes;Masculin;Christian;2
2018;35238;Rennes;Masculin;Eliakim;3
2018;35238;Rennes;Masculin;Elio;7
2018;35238;Rennes;Masculin;Eloan;4
2018;35238;Rennes;Masculin;Elyo;2
2018;35238;Rennes;Masculin;Ernest;7
2018;35238;Rennes;Masculin;Aodren;1
2018;35238;Rennes;Masculin;Aouen;1
2018;35238;Rennes;Masculin;Ashot;1
2018;35238;Rennes;Masculin;Ayad;1
2018;35238;Rennes;Masculin;Jocelyn;2
2018;35238;Rennes;Masculin;Diaz;1
2018;35238;Rennes;Masculin;Enguerran;1
2018;35238;Rennes;Masculin;Lenzo;2
2018;35238;Rennes;Masculin;Ethian;1
2018;35238;Rennes;Masculin;Germain;1
2018;35238;Rennes;Masculin;Gévynho;1
2018;35238;Rennes;Masculin;Gwen;1
2018;35238;Rennes;Féminin;Anaïssa;1
2018;35238;Rennes;Féminin;Ana-Luisa;1
2018;35238;Rennes;Féminin;Anélya;1
2018;35238;Rennes;Féminin;Anne-Fleur;1
2018;35238;Rennes;Féminin;Aya-Camille;1
2018;35238;Rennes;Féminin;Azem;1
2018;35238;Rennes;Féminin;Isaure;2
2018;35238;Rennes;Féminin;Izia;5
2018;35238;Rennes;Féminin;Carolina;1
2018;35238;Rennes;Féminin;Catalina;1
2018;35238;Rennes;Féminin;Joyce;2
2018;35238;Rennes;Féminin;Djessi-Paule;1
2018;35238;Rennes;Féminin;Edenne;1
2018;35238;Rennes;Féminin;Eliabel;1
2018;35238;Rennes;Féminin;Faryal;1
2018;35238;Rennes;Féminin;Heather;1
2018;35238;Rennes;Féminin;Hélina;1
2018;35238;Rennes;Féminin;Margaux;23
2018;35238;Rennes;Féminin;Maïna;5
2018;35238;Rennes;Féminin;Luccia;1
2018;35238;Rennes;Féminin;Malak-Ines;1
2018;35238;Rennes;Féminin;Mallory;1
2018;35238;Rennes;Féminin;Manyssa;1
2018;35238;Rennes;Féminin;Melina;1
2018;35238;Rennes;Féminin;Melya;1
2018;35238;Rennes;Féminin;Meylicya;1
2018;35238;Rennes;Féminin;Pauline;7
2018;35238;Rennes;Féminin;Naélia;1
2018;35238;Rennes;Féminin;Naïssa;1
2018;35238;Rennes;Féminin;Naomie;1
2018;35238;Rennes;Féminin;Nayla;1
2018;35238;Rennes;Féminin;Roxanne;2
2018;35238;Rennes;Féminin;Noëmie;1
2018;35238;Rennes;Féminin;Safia;3
2018;35238;Rennes;Féminin;Safiya;2
2018;35238;Rennes;Féminin;Sianna;1
2018;35238;Rennes;Féminin;Tess;2
2018;35238;Rennes;Féminin;Tahssin;1
2018;35238;Rennes;Féminin;Yélèna;1
2018;35238;Rennes;Féminin;Romi;1
2018;35238;Rennes;Féminin;Soraya;3
2018;35238;Rennes;Féminin;Tasnim;2
2018;35238;Rennes;Féminin;Vicky;2
2018;35238;Rennes;Féminin;Yara;3
2018;35238;Rennes;Féminin;Yasmine;6
2018;35238;Rennes;Masculin;Robin;27
2018;35238;Rennes;Masculin;Nyls;1
2018;35238;Rennes;Masculin;Pierre-Jean;1
2018;35238;Rennes;Masculin;Sly;1
2018;35238;Rennes;Masculin;Sores;1
2018;35238;Rennes;Masculin;Thiam;1
2018;35238;Rennes;Masculin;Volodia;1
2018;35238;Rennes;Féminin;Assiya;3
2018;35238;Rennes;Féminin;Edène;2
2018;35238;Rennes;Masculin;Jules;33
2018;35238;Rennes;Masculin;Dyméo;1
2018;35238;Rennes;Masculin;Elham;1
2018;35238;Rennes;Masculin;Émile;1
2018;35238;Rennes;Masculin;Francis;1
2018;35238;Rennes;Masculin;Garic;1
2018;35238;Rennes;Masculin;Luca;2
2018;35238;Rennes;Masculin;Léopold;6
2018;35238;Rennes;Masculin;Manaé;1
2018;35238;Rennes;Masculin;Preston;2
2018;35238;Rennes;Féminin;Irène;2
2018;35238;Rennes;Féminin;Béryl;1
2018;35238;Rennes;Féminin;Félicie;1
2018;35238;Rennes;Féminin;Graciela;1
2018;35238;Rennes;Féminin;Hind;1
2018;35238;Rennes;Féminin;Ilona;1
2018;35238;Rennes;Féminin;Lyana;3
2018;35238;Rennes;Masculin;Eliam;2
2018;35238;Rennes;Masculin;Ethan;25
2018;35238;Rennes;Masculin;Amenadiel;1
2018;35238;Rennes;Masculin;Benyamin;1
2018;35238;Rennes;Féminin;Kessylia;1
2018;35238;Rennes;Féminin;Kheïra;1
2018;35238;Rennes;Féminin;Kimpa;1
2018;35238;Rennes;Féminin;Laila;1
2018;35238;Rennes;Féminin;Lénie;1
2018;35238;Rennes;Féminin;Léona;1
2018;35238;Rennes;Féminin;Maëlyne;5
2018;35238;Rennes;Féminin;Lilia;1
2018;35238;Rennes;Féminin;Lilit;1
2018;35238;Rennes;Féminin;Lilly;1
2018;35238;Rennes;Féminin;Liziane;1
2018;35238;Rennes;Féminin;Luana;1
2018;35238;Rennes;Féminin;Lyse-Danielle;1
2018;35238;Rennes;Féminin;Maëlynn;1
2018;35238;Rennes;Féminin;Nora;12
2018;35238;Rennes;Féminin;Mélanaëlle;1
2018;35238;Rennes;Féminin;Méléanne;1
2018;35238;Rennes;Féminin;Méleïzy;1
2018;35238;Rennes;Féminin;Méléna;1
2018;35238;Rennes;Féminin;Raphaëlle;5
2018;35238;Rennes;Féminin;Paz;1
2018;35238;Rennes;Féminin;Rim;1
2018;35238;Rennes;Féminin;Sidonie;3
2018;35238;Rennes;Féminin;Romie;1
2018;35238;Rennes;Féminin;Shania;1
2018;35238;Rennes;Féminin;Sigrid;1
2018;35238;Rennes;Féminin;Soanne;1
2018;35238;Rennes;Féminin;Steicy-Shakila;1
2018;35238;Rennes;Féminin;Sterlita;1
2018;35238;Rennes;Féminin;Sylia;1
2018;35238;Rennes;Féminin;Taïska;1
2018;35238;Rennes;Masculin;Edoh;1
2018;35238;Rennes;Masculin;Éliel;1
2018;35238;Rennes;Masculin;Kingsley;4
2018;35238;Rennes;Masculin;Elyaz;1
2018;35238;Rennes;Masculin;Enée;1
2018;35238;Rennes;Masculin;Loevan;2
2018;35238;Rennes;Masculin;Fatih-Mehmed;1
2018;35238;Rennes;Masculin;Housni;1
2018;35238;Rennes;Masculin;Malonn;2
2018;35238;Rennes;Masculin;Manoa;2
2018;35238;Rennes;Masculin;Jaison;1
2018;35238;Rennes;Masculin;Jayden;1
2018;35238;Rennes;Masculin;Mathias;3
2018;35238;Rennes;Masculin;Jezekel;1
2018;35238;Rennes;Masculin;Karikalan;1
2018;35238;Rennes;Masculin;Kény;1
2018;35238;Rennes;Masculin;Khalid;1
2018;35238;Rennes;Masculin;Launy;1
2018;35238;Rennes;Masculin;Mylann;2
2018;35238;Rennes;Masculin;Lyziano;1
2018;35238;Rennes;Masculin;Maëlann;1
2018;35238;Rennes;Masculin;Mahdi;1
2018;35238;Rennes;Masculin;Paco;3
2018;35238;Rennes;Masculin;Quentin;3
2018;35238;Rennes;Masculin;Melwan;1
2018;35238;Rennes;Masculin;Mohammad-Jalal;1
2018;35238;Rennes;Féminin;Anahid-Wissal;1
2018;35238;Rennes;Féminin;Anaya;1
2018;35238;Rennes;Féminin;Angélie;1
2018;35238;Rennes;Féminin;Armelle;1
2018;35238;Rennes;Féminin;Bahiya;1
2018;35238;Rennes;Féminin;Carla;1
2018;35238;Rennes;Féminin;Cassie;1
2018;35238;Rennes;Féminin;Jeanne;25
2018;35238;Rennes;Féminin;Djersey;1
2018;35238;Rennes;Féminin;Eléïna;1
2018;35238;Rennes;Féminin;Elyann;1
2018;35238;Rennes;Féminin;Ezia;1
2018;35238;Rennes;Féminin;Fanny;1
2018;35238;Rennes;Féminin;Lily;17
2018;35238;Rennes;Féminin;Gladys;1
2018;35238;Rennes;Féminin;Hira;1
2018;35238;Rennes;Féminin;Imaé;1
2018;35238;Rennes;Féminin;Isabelle;1
2018;35238;Rennes;Féminin;Léana;7
2018;35238;Rennes;Féminin;Jayana;1
2018;35238;Rennes;Féminin;Jelena;1
2018;35238;Rennes;Féminin;Kaïnah;1
2018;35238;Rennes;Masculin;Naveen;1
2018;35238;Rennes;Masculin;Nelson;1
2018;35238;Rennes;Masculin;Niel;1
2018;35238;Rennes;Masculin;Nour-Edine;1
2018;35238;Rennes;Masculin;Pape;1
2018;35238;Rennes;Masculin;Sullyvan;2
2018;35238;Rennes;Masculin;Swan;5
2018;35238;Rennes;Masculin;Swann;3
2018;35238;Rennes;Masculin;Sekou;1
2018;35238;Rennes;Masculin;Souad;1
2018;35238;Rennes;Masculin;Tahis;1
2018;35238;Rennes;Masculin;Tayson;1
2018;35238;Rennes;Masculin;Teodor;1
2018;35238;Rennes;Masculin;Tommy;1
2018;35238;Rennes;Masculin;Vasco;1
2018;35238;Rennes;Masculin;Warël;1
2018;35238;Rennes;Masculin;Willo;1
2018;35238;Rennes;Masculin;Yesun;1
2018;35238;Rennes;Masculin;Zacharie;2
2018;35238;Rennes;Masculin;Youness;1
2018;35238;Rennes;Féminin;Camille;30
2018;35238;Rennes;Féminin;Charlie;11
2018;35238;Rennes;Féminin;Amani;2
2018;35238;Rennes;Féminin;Elia;4
2018;35238;Rennes;Féminin;Alaka;1
2018;35238;Rennes;Masculin;Bilal;2
2018;35238;Rennes;Masculin;Elie;3
2018;35238;Rennes;Masculin;Esteban;3
2018;35238;Rennes;Masculin;Adem;1
2018;35238;Rennes;Masculin;Aédan;1
2018;35238;Rennes;Masculin;Angelo;1
2018;35238;Rennes;Masculin;Ilyes;5
2018;35238;Rennes;Masculin;Anir;1
2018;35238;Rennes;Masculin;Bakasodiaby;1
2018;35238;Rennes;Masculin;Basil;1
2018;35238;Rennes;Féminin;Lauréline;2
2018;35238;Rennes;Féminin;Fatou;1
2018;35238;Rennes;Féminin;Livia;2
2018;35238;Rennes;Féminin;Hazel;1
2018;35238;Rennes;Féminin;Lucy;2
2018;35238;Rennes;Féminin;Lyanna;4
2018;35238;Rennes;Féminin;Isra-Layla;1
2018;35238;Rennes;Féminin;Janis;1
2018;35238;Rennes;Féminin;Joline;1
2018;35238;Rennes;Féminin;Kélya;1
2018;35238;Rennes;Féminin;Lexa;1
2018;35238;Rennes;Féminin;Leyli;1
2018;35238;Rennes;Féminin;Lily-Rose;1
2018;35238;Rennes;Féminin;Linoa;1
2018;35238;Rennes;Féminin;Méline;2
2018;35238;Rennes;Féminin;Lysa;1
2018;35238;Rennes;Féminin;Naëlya;2
2018;35238;Rennes;Féminin;Maolenn;1
2018;35238;Rennes;Féminin;Nazdar;1
2018;35238;Rennes;Féminin;Neela;1
2018;35238;Rennes;Féminin;Nerea;1
2018;35238;Rennes;Féminin;Noélia;1
2018;35238;Rennes;Féminin;Pénélope;1
2018;35238;Rennes;Féminin;Reinad;1
2018;35238;Rennes;Féminin;Shaïna;2
2018;35238;Rennes;Féminin;Rinad;1
2018;35238;Rennes;Féminin;Mariam;2
2018;35238;Rennes;Féminin;Risna;1
2018;35238;Rennes;Féminin;Kindia;1
2018;35238;Rennes;Féminin;Sâmiha;1
2018;35238;Rennes;Féminin;Mathilde;10
2018;35238;Rennes;Féminin;Sarobidy;1
2018;35238;Rennes;Féminin;Maëlie;6
2018;35238;Rennes;Féminin;Shanna;1
2018;35238;Rennes;Féminin;Maïwenn;15
2018;35238;Rennes;Féminin;Séréna;2
2018;35238;Rennes;Féminin;Lise-Aïa;1
2018;35238;Rennes;Féminin;Solène;1
2018;35238;Rennes;Féminin;Lucianna;1
2018;35238;Rennes;Féminin;Sophie;1
2018;35238;Rennes;Féminin;Mai;1
2018;35238;Rennes;Féminin;Tesnim;1
2018;35238;Rennes;Féminin;Malak;1
2018;35238;Rennes;Féminin;Tiana;1
2018;35238;Rennes;Féminin;Noa;2
2018;35238;Rennes;Féminin;Vivienne;1
2018;35238;Rennes;Féminin;Nada;1
2018;35238;Rennes;Féminin;Yalaïna;1
2018;35238;Rennes;Féminin;Nathania;1
2018;35238;Rennes;Féminin;Zaïna;1
2018;35238;Rennes;Féminin;Naÿla;1
2018;35238;Rennes;Féminin;Élise;2
2018;35238;Rennes;Féminin;Rose;46
2018;35238;Rennes;Féminin;Zehra-Asel;1
2018;35238;Rennes;Féminin;Nine;1
2018;35238;Rennes;Masculin;Benjamin;8
2018;35238;Rennes;Féminin;Salomé;6
2018;35238;Rennes;Masculin;Alan;2
2018;35238;Rennes;Féminin;Sara;2
2018;35238;Rennes;Masculin;Arthus;2
2018;35238;Rennes;Féminin;Princilia;1
2018;35238;Rennes;Masculin;Edouard;2
2018;35238;Rennes;Féminin;Sibylle;1
2018;35238;Rennes;Masculin;Elias;10
2018;35238;Rennes;Féminin;Sira;1
2018;35238;Rennes;Masculin;Elliott;2
2018;35238;Rennes;Féminin;Sitaghannah;1
2018;35238;Rennes;Masculin;Ewen;15
2018;35238;Rennes;Féminin;Souad;1
2018;35238;Rennes;Masculin;Félix;5
2018;35238;Rennes;Féminin;Soundousse;1
2018;35238;Rennes;Masculin;Alcide;1
2018;35238;Rennes;Féminin;Sylmie;1
2018;35238;Rennes;Masculin;Artur;1
2018;35238;Rennes;Féminin;Tatiana;1
2018;35238;Rennes;Féminin;Cali;3
2018;35238;Rennes;Féminin;Wenxi;1
2018;35238;Rennes;Féminin;Yael;1
2018;35238;Rennes;Féminin;Alycia;1
2018;35238;Rennes;Masculin;Éwen;1
2018;35238;Rennes;Masculin;Ezra;1
2018;35238;Rennes;Masculin;Malone;3
2018;35238;Rennes;Masculin;Filimoehala;1
2018;35238;Rennes;Masculin;Louenn;2
2018;35238;Rennes;Masculin;Jason;1
2018;35238;Rennes;Masculin;Louis;48
2018;35238;Rennes;Masculin;Lucien;12
2018;35238;Rennes;Masculin;Mathis;20
2018;35238;Rennes;Masculin;Goulwenn;1
2018;35238;Rennes;Masculin;Gwendal;1
2018;35238;Rennes;Masculin;Maximilien;3
2018;35238;Rennes;Masculin;Léo;42
2018;35238;Rennes;Masculin;Léonard;9
2018;35238;Rennes;Masculin;Icham;1
2018;35238;Rennes;Masculin;Lénaël;1
2018;35238;Rennes;Masculin;Imrane;1
2018;35238;Rennes;Masculin;Ishaq;1
2018;35238;Rennes;Masculin;Loeiz;1
2018;35238;Rennes;Masculin;Iyad;1
2018;35238;Rennes;Masculin;Jarod;1
2018;35238;Rennes;Masculin;Joe;1
2018;35238;Rennes;Masculin;Luc-Evan;1
2018;35238;Rennes;Masculin;Kélian;1
2018;35238;Rennes;Masculin;Keyjhann;1
2018;35238;Rennes;Masculin;Mahir;1
2018;35238;Rennes;Masculin;Leonard;1
2018;35238;Rennes;Masculin;Llivan;1
2018;35238;Rennes;Masculin;Mélen;1
2018;35238;Rennes;Masculin;Lomé;1
2018;35238;Rennes;Masculin;Loussayi;1
2018;35238;Rennes;Masculin;Nilan;1
2018;35238;Rennes;Masculin;Lyham;1
2018;35238;Rennes;Masculin;Pablo;8
2018;35238;Rennes;Masculin;Roxel;1
2018;35238;Rennes;Féminin;Amy;1
2018;35238;Rennes;Masculin;Salim;1
2018;35238;Rennes;Féminin;Anliati;1
2018;35238;Rennes;Féminin;Arin;1
2018;35238;Rennes;Masculin;Tristan;3
2018;35238;Rennes;Féminin;Arwenn;1
2018;35238;Rennes;Féminin;Aslihan;1
2018;35238;Rennes;Féminin;Aurora;1
2018;35238;Rennes;Masculin;Terance;1
2018;35238;Rennes;Féminin;Izïa;2
2018;35238;Rennes;Masculin;Tidjane;1
2018;35238;Rennes;Féminin;Briega;1
2018;35238;Rennes;Masculin;Tsetsen;1
2018;35238;Rennes;Féminin;Camélya;1
2018;35238;Rennes;Masculin;Vatchi;1
2018;35238;Rennes;Féminin;Chadine;1
2018;35238;Rennes;Masculin;Wael;1
2018;35238;Rennes;Féminin;Julia;20
2018;35238;Rennes;Féminin;Dalys;1
2018;35238;Rennes;Masculin;Wissam;1
2018;35238;Rennes;Féminin;Diahoumba;1
2018;35238;Rennes;Masculin;Youen;2
2018;35238;Rennes;Féminin;Kara;2
2018;35238;Rennes;Masculin;Ziad;1
2018;35238;Rennes;Féminin;Dila;1
2018;35238;Rennes;Féminin;Domitille;1
2018;35238;Rennes;Masculin;Hadrien;3
2018;35238;Rennes;Féminin;Elvire;1
2018;35238;Rennes;Masculin;Ahmed-Ilyès;1
2018;35238;Rennes;Féminin;Emmanuella-Maria;1
2018;35238;Rennes;Féminin;Evelyne;1
2018;35238;Rennes;Masculin;Ismaël;3
2018;35238;Rennes;Féminin;Lilou;8
2018;35238;Rennes;Féminin;Germine;1
2018;35238;Rennes;Masculin;Brisley;1
2018;35238;Rennes;Féminin;Lune;2
2018;35238;Rennes;Féminin;Jessy;1
2018;35238;Rennes;Masculin;Kaylan;2
2018;35238;Rennes;Féminin;Léna;22
2018;35238;Rennes;Féminin;Jinane;1
2018;35238;Rennes;Masculin;Edson;1
2018;35238;Rennes;Féminin;Kelïg;1
2018;35238;Rennes;Masculin;Mouhamadou-Toura;1
2018;35238;Rennes;Masculin;Lowen;2
2018;35238;Rennes;Masculin;Ruben;5
2018;35238;Rennes;Masculin;Naoh;1
2018;35238;Rennes;Masculin;Railey;1
2018;35238;Rennes;Féminin;Ayna;1
2018;35238;Rennes;Masculin;Ryley;1
2018;35238;Rennes;Féminin;Bahia;1
2018;35238;Rennes;Masculin;Selvan;1
2018;35238;Rennes;Masculin;Sem;1
2018;35238;Rennes;Masculin;Shammah;1
2018;35238;Rennes;Féminin;Daya;1
2018;35238;Rennes;Masculin;Théo;24
2018;35238;Rennes;Masculin;Sixte;1
2018;35238;Rennes;Féminin;Eliette;1
2018;35238;Rennes;Masculin;Stanislas;1
2018;35238;Rennes;Masculin;Thaïs;1
2018;35238;Rennes;Féminin;Enara;1
2018;35238;Rennes;Masculin;Warren;3
2018;35238;Rennes;Masculin;Vong-Louis;1
2018;35238;Rennes;Masculin;Younous;1
2018;35238;Rennes;Masculin;Yvann;1
2018;35238;Rennes;Féminin;Goundoba;1
2018;35238;Rennes;Masculin;Zaher;1
2018;35238;Rennes;Féminin;Ambre;29
2018;35238;Rennes;Féminin;Amaya;4
2018;35238;Rennes;Féminin;Cyrielle;3
2018;35238;Rennes;Féminin;Emie;2
2018;35238;Rennes;Féminin;Io;1
2018;35238;Rennes;Féminin;Emy;10
2018;35238;Rennes;Féminin;Eva;16
2018;35238;Rennes;Masculin;Amaury;4
2018;35238;Rennes;Masculin;Auguste;3
2018;35238;Rennes;Masculin;Camille;14
2018;35238;Rennes;Féminin;Lilya;1
2018;35238;Rennes;Masculin;Elliot;4
2018;35238;Rennes;Masculin;Arijan;1
2018;35238;Rennes;Masculin;Arnaud;1
2018;35238;Rennes;Masculin;Auriel;1
2018;35238;Rennes;Masculin;Batbileg;1
2018;35238;Rennes;Féminin;Madie;1
2018;35238;Rennes;Masculin;Bichara;1
2018;35238;Rennes;Masculin;Björn;1
2018;35238;Rennes;Masculin;Braham;1
2018;35238;Rennes;Féminin;Mounya;1
2018;35238;Rennes;Masculin;Camilo;1
2018;35238;Rennes;Féminin;Rania;3
2018;35238;Rennes;Féminin;Noëlie;1
2018;35238;Rennes;Féminin;Oumnia;1
2018;35238;Rennes;Féminin;Sati;1
2018;35238;Rennes;Féminin;Yuna-Mae;1
2018;35238;Rennes;Féminin;Zoé;16
2018;35238;Rennes;Féminin;Hafsa;4
2018;35238;Rennes;Féminin;Bella-Christ;1
2018;35238;Rennes;Féminin;Jade;29
2018;35238;Rennes;Féminin;Cassis;1
2018;35238;Rennes;Féminin;Esraa;1
2018;35238;Rennes;Féminin;Goundo-Zahira;1
2018;35238;Rennes;Féminin;Lison;7
2018;35238;Rennes;Féminin;Inaïa;1
2018;35238;Rennes;Féminin;Lahoucia;1
2018;35238;Rennes;Féminin;Lanah;1
2018;35238;Rennes;Masculin;Salmane;2
2018;35238;Rennes;Masculin;Nateo;1
2018;35238;Rennes;Masculin;Solal;6
2018;35238;Rennes;Masculin;Priam;1
2018;35238;Rennes;Masculin;Tylwenn;1
2018;35238;Rennes;Masculin;Yanour;1
2018;35238;Rennes;Masculin;Yero;1
2018;35238;Rennes;Féminin;Anouk;15
2018;35238;Rennes;Masculin;Charly;1
2018;35238;Rennes;Masculin;Constantin;1
2018;35238;Rennes;Masculin;Dao;1
2018;35238;Rennes;Masculin;Edan;1
2018;35238;Rennes;Masculin;Elouen;1
2018;35238;Rennes;Masculin;Ludwig;2
2018;35238;Rennes;Masculin;Malek;2
2018;35238;Rennes;Masculin;Jayce;1
2018;35238;Rennes;Masculin;Juliann;1
2018;35238;Rennes;Masculin;Kristenn;1
2018;35238;Rennes;Masculin;Manolis;1
2018;35238;Rennes;Féminin;Abigail;2
2018;35238;Rennes;Féminin;Aline;2
2018;35238;Rennes;Féminin;Eléonore;3
2018;35238;Rennes;Féminin;Adama;1
2018;35238;Rennes;Féminin;Aidlinn;1
2018;35238;Rennes;Masculin;Kayron;2
2018;35238;Rennes;Masculin;Eliotth;1
2018;35238;Rennes;Masculin;Marcel;10
2018;35238;Rennes;Masculin;Médine;1
2018;35238;Rennes;Masculin;Alexis;11
2018;35238;Rennes;Masculin;Antonin;9
2018;35238;Rennes;Masculin;Andrew;3
2018;35238;Rennes;Masculin;Anis;3
2018;35238;Rennes;Masculin;Fayad;2
2018;35238;Rennes;Masculin;Gaston;3
2018;35238;Rennes;Masculin;Abalkine;1
2018;35238;Rennes;Masculin;Abdallah;1
2018;35238;Rennes;Masculin;Abdul;1
2018;35238;Rennes;Masculin;Ahmet-Fatih;1
2018;35238;Rennes;Masculin;Alaric;1
2018;35238;Rennes;Masculin;Angélo;1
2018;35238;Rennes;Masculin;Ilyès;3
2018;35238;Rennes;Masculin;Aras;1
2018;35238;Rennes;Masculin;Baisangur;1
2018;35238;Rennes;Masculin;Bakary;1
2018;35238;Rennes;Masculin;Bertin;1
2018;35238;Rennes;Masculin;Bobby;1
2018;35238;Rennes;Masculin;Boucoury;1
2018;35238;Rennes;Masculin;Chabir;1
2018;35238;Rennes;Féminin;Laurène;1
2018;35238;Rennes;Féminin;Laurine;1
2018;35238;Rennes;Féminin;Layahnna;1
2018;35238;Rennes;Féminin;Leyah;1
2018;35238;Rennes;Féminin;Maïa;4
2018;35238;Rennes;Féminin;Louve;1
2018;35238;Rennes;Féminin;Lucille;1
2018;35238;Rennes;Féminin;Mélina;2
2018;35238;Rennes;Féminin;Maëlla;1
2018;35238;Rennes;Féminin;Maysane;1
2018;35238;Rennes;Féminin;Mélya;1
2018;35238;Rennes;Féminin;Nélya;1
2018;35238;Rennes;Féminin;Nema-Mewen;1
2018;35238;Rennes;Féminin;Nesrine;1
2018;35238;Rennes;Féminin;Romaissa;1
2018;35238;Rennes;Féminin;Sofia;11
2018;35238;Rennes;Féminin;Saja;1
2018;35238;Rennes;Féminin;Saô;1
2018;35238;Rennes;Féminin;Selia;1
2018;35238;Rennes;Féminin;Seyana;1
2018;35238;Rennes;Féminin;Somerta-Valentina;1
2018;35238;Rennes;Féminin;Suzan;1
2018;35238;Rennes;Féminin;Syanah;1
2018;35238;Rennes;Féminin;Taymiyyah;1
2018;35238;Rennes;Féminin;Viviana;1
2018;35238;Rennes;Féminin;Fatou-Rachel;1
2018;35238;Rennes;Féminin;Joceline;1
2018;35238;Rennes;Féminin;Julina;1
2018;35238;Rennes;Féminin;Madeleine;9
2018;35238;Rennes;Féminin;Kaëlynn;1
2018;35238;Rennes;Féminin;Kahilie;1
2018;35238;Rennes;Féminin;Kassy;1
2018;35238;Rennes;Féminin;Maria;10
2018;35238;Rennes;Féminin;Khloé;1
2018;35238;Rennes;Féminin;Layali;1
2018;35238;Rennes;Féminin;Layana;1
2018;35238;Rennes;Féminin;Maëla;4
2018;35238;Rennes;Féminin;Lénaïs;1
2018;35238;Rennes;Féminin;Licia;1
2018;35238;Rennes;Féminin;Lou-Ann;1
2018;35238;Rennes;Féminin;Maëva;1
2018;35238;Rennes;Féminin;Maïllina;1
2018;35238;Rennes;Féminin;Naïa;3
2018;35238;Rennes;Féminin;Mamelampfall;1
2018;35238;Rennes;Féminin;Mariama-Ciré;1
2018;35238;Rennes;Féminin;Morwenna;1
2018;35238;Rennes;Féminin;Nelly;1
2018;35238;Rennes;Féminin;Rita;2
2018;35238;Rennes;Féminin;Ophélie;1
2018;35238;Rennes;Féminin;Ouneyssa;1
2018;35238;Rennes;Féminin;Pétronille-Sigvin;1
2018;35238;Rennes;Féminin;Rexhina;1
2018;35238;Rennes;Féminin;Sanya;1
2018;35238;Rennes;Féminin;Shéhrazad;1
2018;35238;Rennes;Féminin;Tasnime;2
2018;35238;Rennes;Féminin;Sojoud;1
2018;35238;Rennes;Féminin;Susie;1
2018;35238;Rennes;Féminin;Tasneem;1
2018;35238;Rennes;Féminin;Yassmine;1
2018;35238;Rennes;Féminin;Zahra;1
2018;35238;Rennes;Féminin;Zoey;1
2018;35238;Rennes;Masculin;Charles;3
2018;35238;Rennes;Masculin;Céleste;3
2018;35238;Rennes;Masculin;Eliaz;4
2018;35238;Rennes;Masculin;Hakim;2
2018;35238;Rennes;Masculin;Adrian;1
2018;35238;Rennes;Masculin;Alhadjimamadou;1
2018;35238;Rennes;Masculin;Amael;1
2018;35238;Rennes;Masculin;Ibrahim;8
2018;35238;Rennes;Masculin;Arlo;1
2018;35238;Rennes;Masculin;Jawad;2
2018;35238;Rennes;Masculin;Boran;1
2018;35238;Rennes;Masculin;Calvin;1
2018;35238;Rennes;Masculin;Chafiyi;1
2018;35238;Rennes;Masculin;Karim;2
2018;35238;Rennes;Masculin;Djilian;1
2018;35238;Rennes;Masculin;Eben-Ezer;1
2018;35238;Rennes;Masculin;Kyle;3
2018;35238;Rennes;Masculin;Elvine;1
2018;35238;Rennes;Masculin;Louen;2
2018;35238;Rennes;Masculin;Giovani;1
2018;35238;Rennes;Masculin;Lysandre;2
2018;35238;Rennes;Masculin;Mael;3
2018;35238;Rennes;Masculin;Loës;1
2018;35238;Rennes;Masculin;Luke;1
2018;35238;Rennes;Masculin;Luqman;1
2018;35238;Rennes;Masculin;Manaël;1
2018;35238;Rennes;Masculin;Milhane;1
2018;35238;Rennes;Masculin;Raïley;2
2018;35238;Rennes;Masculin;Omar;1
2018;35238;Rennes;Masculin;Orels;1
2018;35238;Rennes;Masculin;Othman;1
2018;35238;Rennes;Masculin;Ronay;1
2018;35238;Rennes;Masculin;Taha;2
2018;35238;Rennes;Masculin;Saül;1
2018;35238;Rennes;Masculin;Shams-Salam;1
2018;35238;Rennes;Masculin;Timeo;1
2018;35238;Rennes;Masculin;Younes;5
2018;35238;Rennes;Masculin;Ylïam;1
2018;35238;Rennes;Féminin;Cataleya;8
2018;35238;Rennes;Féminin;Emilie;2
2018;35238;Rennes;Féminin;Hanaé;3
2018;35238;Rennes;Féminin;Azenor;1
2018;35238;Rennes;Féminin;Bèsma;1
2018;35238;Rennes;Féminin;Eilin;1
2018;35238;Rennes;Féminin;Élèna;1
2018;35238;Rennes;Féminin;Anelise;1
2018;35238;Rennes;Féminin;Angel;1
2018;35238;Rennes;Féminin;Arya;1
2018;35238;Rennes;Féminin;Arzhela;1
2018;35238;Rennes;Féminin;Assma;1
2018;35238;Rennes;Féminin;Bella;1
2018;35238;Rennes;Féminin;Blue;1
2018;35238;Rennes;Féminin;Caly;1
2018;35238;Rennes;Féminin;Chahd;1
2018;35238;Rennes;Féminin;Dayanna;1
2018;35238;Rennes;Féminin;Deya;1
2018;35238;Rennes;Féminin;Elana;1
2018;35238;Rennes;Féminin;Eliotte;1
2018;35238;Rennes;Féminin;Flora;1
2018;35238;Rennes;Féminin;Lilwenn;5
2018;35238;Rennes;Féminin;Georgia-Line;1
2018;35238;Rennes;Féminin;Louann;2
2018;35238;Rennes;Féminin;Hidaya;1
2018;35238;Rennes;Féminin;Imène;1
2018;35238;Rennes;Féminin;Ioana;1
2018;35238;Rennes;Féminin;Irlande;1
2018;35238;Rennes;Féminin;Jhachel;1
2018;35238;Rennes;Féminin;Judarone;1
2018;35238;Rennes;Féminin;Keana;1
2018;35238;Rennes;Féminin;Manel;4
2018;35238;Rennes;Féminin;Khaïla;1
2018;35238;Rennes;Féminin;Klervy;1
2018;35238;Rennes;Féminin;Krysten;1
2018;35238;Rennes;Féminin;Kyara;1
2018;35238;Rennes;Féminin;Marion;3
2018;35238;Rennes;Masculin;Mustafa;1
2018;35238;Rennes;Masculin;Nadjy;1
2018;35238;Rennes;Masculin;Nehlan;1
2018;35238;Rennes;Masculin;Solann;2
2018;35238;Rennes;Masculin;Peyo;1
2018;35238;Rennes;Masculin;Quassim;1
2018;35238;Rennes;Masculin;Rahim;1
2018;35238;Rennes;Masculin;Saïd;1
2018;35238;Rennes;Masculin;Shems-Dîne;1
2018;35238;Rennes;Masculin;Yohann;3
2018;35238;Rennes;Masculin;Ylian-Eden;1
2018;35238;Rennes;Masculin;Yoan;1
2018;35238;Rennes;Masculin;Ysaak;1
2018;35238;Rennes;Masculin;Yuma;1
2018;35238;Rennes;Masculin;Élie;2
2018;35238;Rennes;Masculin;Zakharia;1
2018;35238;Rennes;Masculin;Zayron;1
2018;35238;Rennes;Féminin;Albane;4
2018;35238;Rennes;Féminin;April;3
2018;35238;Rennes;Féminin;Awena;2
2018;35238;Rennes;Féminin;Claudia;2
2018;35238;Rennes;Féminin;Elif;2
2018;35238;Rennes;Féminin;Esma;4
2018;35238;Rennes;Féminin;Esmée;2
2018;35238;Rennes;Féminin;Aëna;1
2018;35238;Rennes;Féminin;Aisha;1
2018;35238;Rennes;Féminin;Alsosa;1
2018;35238;Rennes;Féminin;Alyann;1
2018;35238;Rennes;Masculin;Chams;1
2018;35238;Rennes;Masculin;Justin;2
2018;35238;Rennes;Masculin;Clovis;1
2018;35238;Rennes;Masculin;Eugène;1
2018;35238;Rennes;Masculin;Lilian;4
2018;35238;Rennes;Masculin;Lino;7
2018;35238;Rennes;Masculin;Fayzal;1
2018;35238;Rennes;Masculin;Luis;7
2018;35238;Rennes;Masculin;Hanad;1
2018;35238;Rennes;Masculin;Léon;21
2018;35238;Rennes;Masculin;Hissein;1
2018;35238;Rennes;Masculin;Ilyann;1
2018;35238;Rennes;Masculin;Mano;2
2018;35238;Rennes;Masculin;Ismaïl;1
2018;35238;Rennes;Masculin;Ivann;1
2018;35238;Rennes;Masculin;Marceau;26
2018;35238;Rennes;Masculin;Jaouen;1
2018;35238;Rennes;Masculin;Kewenn;1
2018;35238;Rennes;Masculin;Kiyhan;1
2018;35238;Rennes;Masculin;Maïlo;1
2018;35238;Rennes;Masculin;Octave;3
2018;35238;Rennes;Masculin;Mehran;1
2018;35238;Rennes;Masculin;Michaël;1
2018;35238;Rennes;Masculin;Corentin;5
2018;35238;Rennes;Masculin;Eden;15
2018;35238;Rennes;Masculin;Eli;2
2018;35238;Rennes;Masculin;Gauvain;2
2018;35238;Rennes;Masculin;Haroun;3
2018;35238;Rennes;Masculin;Aëlig;1
2018;35238;Rennes;Masculin;Amin;1
2018;35238;Rennes;Masculin;Archimède;1
2018;35238;Rennes;Masculin;Iwen;2
2018;35238;Rennes;Masculin;Azedine;1
2018;35238;Rennes;Masculin;Beni;1
2018;35238;Rennes;Féminin;Maëline;4
2018;35238;Rennes;Féminin;Meï;2
2018;35238;Rennes;Féminin;Mona;4
2018;35238;Rennes;Féminin;Manassa;1
2018;35238;Rennes;Féminin;Marie-Jeanne;1
2018;35238;Rennes;Féminin;Marina;1
2018;35238;Rennes;Féminin;Ninon;6
2018;35238;Rennes;Féminin;Mëwenn;1
2018;35238;Rennes;Féminin;Philippine;3
2018;35238;Rennes;Féminin;Nayana;1
2018;35238;Rennes;Féminin;Nell;1
2018;35238;Rennes;Féminin;Romy;13
2018;35238;Rennes;Féminin;Nussayba;1
2018;35238;Rennes;Féminin;Pola;1
2018;35238;Rennes;Féminin;Rebecca;1
2018;35238;Rennes;Féminin;Régina;1
2018;35238;Rennes;Féminin;Rym;1
2018;35238;Rennes;Féminin;Syana;4
2018;35238;Rennes;Féminin;Shaïma;1
2018;35238;Rennes;Féminin;Shewanne;1
2018;35238;Rennes;Féminin;Sofiya;1
2018;35238;Rennes;Féminin;Tynéa;1
2018;35238;Rennes;Féminin;Zalihata;1
2018;35238;Rennes;Féminin;Kaëlys;1
2018;35238;Rennes;Féminin;Kassyopée;1
2018;35238;Rennes;Féminin;Layna;1
2018;35238;Rennes;Féminin;Leyhina;1
2018;35238;Rennes;Féminin;Loëza;1
2018;35238;Rennes;Féminin;Mïa;2
2018;35238;Rennes;Féminin;Maïssy;1
2018;35238;Rennes;Féminin;Mariama-Nancy;1
2018;35238;Rennes;Féminin;Marie-Angela;1
2018;35238;Rennes;Féminin;Marya;1
2018;35238;Rennes;Féminin;Matilda;1
2018;35238;Rennes;Féminin;Matilde;1
2018;35238;Rennes;Féminin;Mattia;1
2018;35238;Rennes;Féminin;Maylie;1
2018;35238;Rennes;Féminin;Mekka;1
2018;35238;Rennes;Féminin;Minha;1
2018;35238;Rennes;Féminin;Mioty;1
2018;35238;Rennes;Féminin;Naé;1
2018;35238;Rennes;Féminin;Noane;1
2018;35238;Rennes;Féminin;Noora-Tissiana;1
2018;35238;Rennes;Féminin;Rahimna;1
2018;35238;Rennes;Féminin;Selma;6
2018;35238;Rennes;Féminin;Ranya;1
2018;35238;Rennes;Féminin;Sahra;1
2018;35238;Rennes;Féminin;Saniya;1
2018;35238;Rennes;Féminin;Tasnîm;1
2018;35238;Rennes;Féminin;Ysée;5
2018;35238;Rennes;Masculin;Roman;4
2018;35238;Rennes;Masculin;Osman;1
2018;35238;Rennes;Masculin;Selim;1
2018;35238;Rennes;Masculin;Tadeusz;1
2018;35238;Rennes;Masculin;Taym;1
2018;35238;Rennes;Masculin;Wassim;5
2018;35238;Rennes;Masculin;Youënn;1
2018;35238;Rennes;Féminin;Aminata;5
2018;35238;Rennes;Féminin;Daniella;2
2018;35238;Rennes;Féminin;Elya;4
2018;35238;Rennes;Masculin;Elyas;1
2018;35238;Rennes;Masculin;Loris;2
2018;35238;Rennes;Masculin;Louka;8
2018;35238;Rennes;Masculin;Giovanny;1
2018;35238;Rennes;Masculin;Goulven;1
2018;35238;Rennes;Masculin;Khaïm;1
2018;35238;Rennes;Masculin;Mardochée;1
2018;35238;Rennes;Féminin;Ankifina;1
2018;35238;Rennes;Féminin;Lina;18
2018;35238;Rennes;Féminin;Imane;1
2018;35238;Rennes;Masculin;Adam;21
2018;35238;Rennes;Masculin;Erwan;3
2018;35238;Rennes;Masculin;Adriel;1
2018;35238;Rennes;Masculin;Alexys;1
2018;35238;Rennes;Féminin;Manon;32
2018;35238;Rennes;Féminin;Keyla;1
2018;35238;Rennes;Féminin;Laure;1
2018;35238;Rennes;Féminin;Letitia;1
2018;35238;Rennes;Féminin;Maëlys;17
2018;35238;Rennes;Féminin;Lïahna;1
2018;35238;Rennes;Féminin;Meryem;2
2018;35238;Rennes;Féminin;Mélissa;4
2018;35238;Rennes;Féminin;Ma-Aïssata;1
2018;35238;Rennes;Féminin;Maïalène;1
2018;35238;Rennes;Féminin;Mailan;1
2018;35238;Rennes;Féminin;Maira;1
2018;35238;Rennes;Féminin;Manaia;1
2018;35238;Rennes;Féminin;Mara;1
2018;35238;Rennes;Féminin;Maravilha;1
2018;35238;Rennes;Féminin;Nina;20
2018;35238;Rennes;Féminin;Maryem;1
2018;35238;Rennes;Féminin;May-Lann;1
2018;35238;Rennes;Féminin;Mellina;1
2018;35238;Rennes;Féminin;Menoue;1
2018;35238;Rennes;Féminin;Naelle;1
2018;35238;Rennes;Féminin;Réna;1
2018;35238;Rennes;Féminin;Swann;2
2018;35238;Rennes;Féminin;Youna;6
2018;35238;Rennes;Féminin;Yasmina;1
2018;35238;Rennes;Masculin;Dastan;1
2018;35238;Rennes;Masculin;Elidjah;1
2018;35238;Rennes;Masculin;Élijah;1
2018;35238;Rennes;Masculin;Éloi;1
2018;35238;Rennes;Masculin;Fulié;1
2018;35238;Rennes;Masculin;Hans-Isaac;1
2018;35238;Rennes;Masculin;Léandro;2
2018;35238;Rennes;Masculin;Hélie;1
2018;35238;Rennes;Masculin;Ismail;1
2018;35238;Rennes;Masculin;Isskely-Temir;1
2018;35238;Rennes;Masculin;Izaouen;1
2018;35238;Rennes;Masculin;Maxence;17
2018;35238;Rennes;Masculin;Kayl-Rousselane;1
2018;35238;Rennes;Masculin;Kayoum;1
2018;35238;Rennes;Masculin;Keylian;1
2018;35238;Rennes;Masculin;Khabib;1
2018;35238;Rennes;Masculin;Léopaul;1
2018;35238;Rennes;Masculin;Liyam;1
2018;35238;Rennes;Masculin;Maelann;1
2018;35238;Rennes;Masculin;Maelik;1
2018;35238;Rennes;Masculin;Noé;21
2018;35238;Rennes;Masculin;Matilin;1
2018;35238;Rennes;Masculin;Max;1
2018;35238;Rennes;Féminin;Angela;1
2018;35238;Rennes;Féminin;Annick;1
2018;35238;Rennes;Féminin;Antika;1
2018;35238;Rennes;Féminin;Chrissy;1
2018;35238;Rennes;Féminin;Juliana;4
2018;35238;Rennes;Féminin;Diariatou-Stella;1
2018;35238;Rennes;Féminin;Djamila;1
2018;35238;Rennes;Féminin;Earleen;1
2018;35238;Rennes;Féminin;Eliane;1
2018;35238;Rennes;Féminin;Lara;2
2018;35238;Rennes;Féminin;Eva-Mayla;1
2018;35238;Rennes;Féminin;Evie;1
2018;35238;Rennes;Féminin;Leyla;5
2018;35238;Rennes;Féminin;Fatima-Zahra;1
2018;35238;Rennes;Féminin;Line;4
2018;35238;Rennes;Féminin;Lisa;14
2018;35238;Rennes;Féminin;Hadija;1
2018;35238;Rennes;Féminin;Harmony;1
2018;35238;Rennes;Féminin;Lou;32
2018;35238;Rennes;Féminin;Henia;1
2018;35238;Rennes;Féminin;Janaëlle-Estelle;1
2018;35238;Rennes;Féminin;Léane;5
2018;35238;Rennes;Féminin;Jenna;1
2018;35238;Rennes;Féminin;Julyne;1
2018;35238;Rennes;Féminin;Kellya;1
2018;35238;Rennes;Masculin;Paolig;1
2018;35238;Rennes;Masculin;Sohan;7
2018;35238;Rennes;Masculin;Soën;5
2018;35238;Rennes;Masculin;Rydian;1
2018;35238;Rennes;Masculin;Salman;1
2018;35238;Rennes;Masculin;Selyan-Ali;1
2018;35238;Rennes;Masculin;Smaël;1
2018;35238;Rennes;Masculin;Tim;2
2018;35238;Rennes;Masculin;Suvenncyo;1
2018;35238;Rennes;Masculin;Tayleur;1
2018;35238;Rennes;Masculin;Vincent;4
2018;35238;Rennes;Masculin;Thynaël;1
2018;35238;Rennes;Masculin;Tigane;1
2018;35238;Rennes;Masculin;Yassir;2
2018;35238;Rennes;Masculin;Zachary;2
2018;35238;Rennes;Masculin;Zaïd;2
2018;35238;Rennes;Féminin;Alice;47
2018;35238;Rennes;Féminin;Anaïs;8
2018;35238;Rennes;Féminin;Assia;5
2018;35238;Rennes;Féminin;Andréa;4
2018;35238;Rennes;Féminin;Aya;8
2018;35238;Rennes;Féminin;Alya;2
2018;35238;Rennes;Féminin;Emma;41
2018;35238;Rennes;Féminin;Eulalie;2
2018;35238;Rennes;Féminin;Aïna;1
2018;35238;Rennes;Féminin;Gaïa;2
2018;35238;Rennes;Masculin;Baptiste;17
2018;35238;Rennes;Masculin;Ambroise;3
2018;35238;Rennes;Masculin;Célian;3
2018;35238;Rennes;Masculin;Aiden;2
2018;35238;Rennes;Masculin;Elouan;3
2018;35238;Rennes;Masculin;Gaël;6
2018;35238;Rennes;Masculin;Hoël;2
2018;35238;Rennes;Masculin;Allistair;1
2018;35238;Rennes;Masculin;Ilyas;4
2018;35238;Rennes;Masculin;Anel;1
2018;35238;Rennes;Masculin;Bajen;1
2018;35238;Rennes;Masculin;Bakoutoubo;1
2018;35238;Rennes;Masculin;Baudouin;1
2018;35238;Rennes;Masculin;Bryan;1
2018;35238;Rennes;Féminin;Enaëll;1
2018;35238;Rennes;Féminin;Lola;12
2018;35238;Rennes;Féminin;Intissar-Inaya;1
2018;35238;Rennes;Féminin;Jaïda-Emna;1
2018;35238;Rennes;Féminin;Kali;1
2018;35238;Rennes;Féminin;Maud;2
2018;35238;Rennes;Féminin;Laya;1
2018;35238;Rennes;Féminin;Maé;2
2018;35238;Rennes;Féminin;Maëlle;11
2018;35238;Rennes;Féminin;Lilah;1
2018;35238;Rennes;Féminin;Liliwenn;1
2018;35238;Rennes;Féminin;Luyanna;1
2018;35238;Rennes;Féminin;Lynn;1
2018;35238;Rennes;Féminin;Marjan;1
2018;35238;Rennes;Féminin;Maywenn;1
2018;35238;Rennes;Féminin;Noémie;7
2018;35238;Rennes;Féminin;Moidelie;1
2018;35238;Rennes;Féminin;Moinamaoulida;1
2018;35238;Rennes;Féminin;Prune;2
2018;35238;Rennes;Féminin;Nawel;1
2018;35238;Rennes;Féminin;Rayna;2
2018;35238;Rennes;Féminin;Nëora;1
2018;35238;Rennes;Féminin;Nissya;1
2018;35238;Rennes;Féminin;Oona;1
2018;35238;Rennes;Féminin;Samira;2
2018;35238;Rennes;Féminin;Orphita;1
2018;35238;Rennes;Féminin;Rawell;1
2018;35238;Rennes;Féminin;Rayhana;1
2018;35238;Rennes;Féminin;Rosiannie;1
2018;35238;Rennes;Féminin;Sarah-Saoudata;1
2018;35238;Rennes;Féminin;Soafara-Lynah;1
2018;35238;Rennes;Féminin;Teffani;1
2018;35238;Rennes;Féminin;Vahina;1
2018;35238;Rennes;Féminin;Youssra;3
2018;35238;Rennes;Féminin;Yuna;14
2018;35238;Rennes;Féminin;Yedidia;1
2018;35238;Rennes;Féminin;Zélie;11
2018;35238;Rennes;Féminin;Zia;1
2018;35238;Rennes;Masculin;Côme;27
2018;35238;Rennes;Masculin;Abdoulaye;2
2018;35238;Rennes;Masculin;Diogo;2
2018;35238;Rennes;Masculin;Ewan;3
2018;35238;Rennes;Masculin;Glenn;4
2018;35238;Rennes;Masculin;Abdellah;1
2018;35238;Rennes;Masculin;Henri;2
2018;35238;Rennes;Masculin;Aldo;1
2018;35238;Rennes;Masculin;Aleks;1
2018;35238;Rennes;Masculin;Alhy;1
2018;35238;Rennes;Masculin;Alipio;1
2018;35238;Rennes;Masculin;Amjad;1
2018;35238;Rennes;Masculin;Andy;1
2018;35238;Rennes;Masculin;Isaac;10
2018;35238;Rennes;Masculin;Issa;4
2018;35238;Rennes;Masculin;Aymen;1
2018;35238;Rennes;Masculin;Burhan;1
2018;35238;Rennes;Masculin;Cédric;1
2018;35238;Rennes;Masculin;Julian;4
2018;35238;Rennes;Masculin;Cristiano;1
2018;35238;Rennes;Masculin;Eloï;1
2018;35238;Rennes;Masculin;Lamine;3
2018;35238;Rennes;Masculin;Lazare;2
2018;35238;Rennes;Masculin;Eydan;1
2018;35238;Rennes;Masculin;Farès;1
2018;35238;Rennes;Masculin;Loup;2
2018;35238;Rennes;Masculin;Gauthier;1
2018;35238;Rennes;Masculin;Greg-David;1
2018;35238;Rennes;Masculin;Hasan;1
2018;35238;Rennes;Masculin;Malo;45
2018;35238;Rennes;Masculin;Ilyes-Eddine;1
2018;35238;Rennes;Masculin;Ilyess;1
2018;35238;Rennes;Masculin;Izac;1
2018;35238;Rennes;Masculin;Jacques-Kévin;1
2018;35238;Rennes;Masculin;Julyan;1
2018;35238;Rennes;Masculin;Maxime;8
2018;35238;Rennes;Masculin;Layann;1
2018;35238;Rennes;Masculin;Nathan;26
2018;35238;Rennes;Masculin;Louison;1
2018;35238;Rennes;Masculin;Manoah;1
2018;35238;Rennes;Masculin;Oscar;16
2018;35238;Rennes;Masculin;Rafaël;5
2018;35238;Rennes;Masculin;Miloan;1
2018;35238;Rennes;Masculin;Mohamed-Jebril;1
2018;35238;Rennes;Masculin;Mohammad;1
2018;35238;Rennes;Masculin;Samaël;3
2018;35238;Rennes;Masculin;Saul;2
2018;35238;Rennes;Masculin;Silas;2
2018;35238;Rennes;Masculin;Rodrigo;1
2018;35238;Rennes;Masculin;Sorenn;1
2018;35238;Rennes;Masculin;Timéo;17
2018;35238;Rennes;Masculin;Sovann;1
2018;35238;Rennes;Masculin;William;5
2018;35238;Rennes;Masculin;Wissem;2
2018;35238;Rennes;Masculin;Tyméo;1
2018;35238;Rennes;Masculin;Uriel;1
2018;35238;Rennes;Masculin;Waheed;1
2018;35238;Rennes;Masculin;Yessi-Nathanaël;1
2018;35238;Rennes;Masculin;Zakariye;1
2018;35238;Rennes;Féminin;Charline;4
2018;35238;Rennes;Féminin;Colette;3
2018;35238;Rennes;Féminin;Cyrine;2
2018;35238;Rennes;Féminin;Elynn;2
2018;35238;Rennes;Féminin;Aïssa-Nafissati;1
2018;35238;Rennes;Féminin;Garance;10
2018;35238;Rennes;Féminin;Alysson;1
2018;35238;Rennes;Féminin;Benie-Gaelle;1
2018;35238;Rennes;Féminin;Binta;1
2018;35238;Rennes;Féminin;Destiny;1
2018;35238;Rennes;Féminin;Bleuenn;5
2018;35238;Rennes;Féminin;Emmy;6
2018;35238;Rennes;Féminin;Aella;1
2018;35238;Rennes;Féminin;Gabrielle;10
2018;35238;Rennes;Masculin;Ayoub;7
2018;35238;Rennes;Masculin;Amir;4
2018;35238;Rennes;Masculin;Iislann;1
2018;35238;Rennes;Masculin;Ilyass;1
2018;35238;Rennes;Masculin;Mathéo;11
2018;35238;Rennes;Masculin;Kenneth;1
2018;35238;Rennes;Masculin;Mylan;2
2018;35238;Rennes;Masculin;Nael;3
2018;35238;Rennes;Masculin;Noa;4
2018;35238;Rennes;Masculin;Manos;1
2018;35238;Rennes;Masculin;Mohamed-Amine;1
2018;35238;Rennes;Masculin;Mostafa;1
2018;35238;Rennes;Masculin;Mouhammad;1
2018;35238;Rennes;Masculin;Nathéo;1
2018;35238;Rennes;Masculin;Nilsson;1
2018;35238;Rennes;Masculin;Ömer;1
2018;35238;Rennes;Masculin;Thomas;9
2018;35238;Rennes;Masculin;Sorel;1
2018;35238;Rennes;Masculin;Yoann;2
2018;35238;Rennes;Masculin;Youssouf;2
2018;35238;Rennes;Masculin;Zackary;1
2018;35238;Rennes;Masculin;Zakariya;1
2018;35238;Rennes;Masculin;Ziane;1
2018;35238;Rennes;Masculin;Éol;2
2018;35238;Rennes;Féminin;Alix;16
2018;35238;Rennes;Masculin;Clément;19
2018;35238;Rennes;Masculin;Diego;3
2018;35238;Rennes;Masculin;Enzo;17
2018;35238;Rennes;Masculin;Hamza;5
2018;35238;Rennes;Masculin;Hayden;2
2018;35238;Rennes;Masculin;Hippolyte;2
2018;35238;Rennes;Masculin;Balthazar;1
2018;35238;Rennes;Masculin;Joachim;5
2018;35238;Rennes;Masculin;Joud;2
2018;35238;Rennes;Masculin;Kaylann;2
2018;35238;Rennes;Masculin;Djawaï;1
2018;35238;Rennes;Masculin;Edern;1
2018;35238;Rennes;Masculin;Emilien;1
2018;35238;Rennes;Masculin;Esaïas;1
2018;35238;Rennes;Masculin;Ezequiel;1
2018;35238;Rennes;Féminin;Anahé;1
2018;35238;Rennes;Féminin;Anya;1
2018;35238;Rennes;Féminin;Hortense;9
2018;35238;Rennes;Féminin;Irina;2
2018;35238;Rennes;Féminin;Calypso;1
2018;35238;Rennes;Féminin;Claire;1
2018;35238;Rennes;Féminin;Dallia;1
2018;35238;Rennes;Féminin;Delya;1
2018;35238;Rennes;Féminin;Diyana;1
2018;35238;Rennes;Féminin;Fabiana;1
2018;35238;Rennes;Féminin;Farrah;1
2018;35238;Rennes;Féminin;Fatéma;1
2018;35238;Rennes;Féminin;Gabriela;1
2018;35238;Rennes;Féminin;Lise;19
2018;35238;Rennes;Féminin;Héliya;1
2018;35238;Rennes;Féminin;Lyah;2
2018;35238;Rennes;Féminin;Isabella;1
2018;35238;Rennes;Féminin;Laélys;1
2018;35238;Rennes;Féminin;Lalyah;1
2018;35238;Rennes;Féminin;Lamia;1
2018;35238;Rennes;Féminin;Lauryne;1
2018;35238;Rennes;Féminin;Maëwenn;2
2018;35238;Rennes;Féminin;Liwen;1
2018;35238;Rennes;Féminin;Lorys;1
2018;35238;Rennes;Féminin;Lynna;1
2018;35238;Rennes;Féminin;Mahdiya;1
2018;35238;Rennes;Féminin;Majdouline;1
2018;35238;Rennes;Féminin;Mélyne;1
2018;35238;Rennes;Féminin;Naélie;1
2018;35238;Rennes;Féminin;Roxane;11
2018;35238;Rennes;Féminin;Safa;2
2018;35238;Rennes;Féminin;Oanell;1
2018;35238;Rennes;Féminin;Oliwia;1
2018;35238;Rennes;Féminin;Shayna;2
2018;35238;Rennes;Féminin;Ronyta;1
2018;35238;Rennes;Féminin;Sekibe;1
2018;35238;Rennes;Féminin;Séléna;1
2018;35238;Rennes;Féminin;Selin;1
2018;35238;Rennes;Féminin;Serena;1
2018;35238;Rennes;Féminin;Sïannah;1
2018;35238;Rennes;Féminin;Solys;1
2018;35238;Rennes;Féminin;Xhulia;1
2018;35238;Rennes;Féminin;Youmna;1
2018;35238;Rennes;Féminin;Zohra;1
2018;35238;Rennes;Féminin;Zozan;1
2018;35238;Rennes;Féminin;Apryl;1
2018;35238;Rennes;Féminin;Ayanna;1
2018;35238;Rennes;Féminin;Isis;2
2018;35238;Rennes;Féminin;Jasmine;3
2018;35238;Rennes;Féminin;Celia;1
2018;35238;Rennes;Féminin;Julie;7
2018;35238;Rennes;Féminin;Elouene;1
2018;35238;Rennes;Féminin;Laïly;2
2018;35238;Rennes;Féminin;Lila;8
2018;35238;Rennes;Féminin;Hadidja;1
2018;35238;Rennes;Féminin;Joury;1
2018;35238;Rennes;Masculin;Sacha;33
2018;35238;Rennes;Masculin;Neven;1
2018;35238;Rennes;Masculin;Soan;12
2018;35238;Rennes;Masculin;Peter;1
2018;35238;Rennes;Masculin;Sahim;1
2018;35238;Rennes;Féminin;Capucine;12
2018;35238;Rennes;Féminin;Annaëlle;2
2018;35238;Rennes;Féminin;Abigaël;1
2018;35238;Rennes;Féminin;Fatoumata;2
2018;35238;Rennes;Masculin;Ely;1
2018;35238;Rennes;Masculin;Firas;1
2018;35238;Rennes;Masculin;Imanol;1
2018;35238;Rennes;Masculin;Iwo;1
2018;35238;Rennes;Masculin;Maylann;2
2018;35238;Rennes;Masculin;Lounys;1
2018;35238;Rennes;Masculin;Ly-Weï;1
2018;35238;Rennes;Féminin;Morgane;7
2018;35238;Rennes;Féminin;Lucia;1
2018;35238;Rennes;Féminin;Lylwenn;1
2018;35238;Rennes;Féminin;Malaïka;1
2018;35238;Rennes;Féminin;Zeynep;1
2018;35238;Rennes;Masculin;Sandro;5
2018;35238;Rennes;Masculin;Néven;1
2018;35238;Rennes;Masculin;Siméon;2
2018;35238;Rennes;Masculin;Philenor;1
2018;35238;Rennes;Masculin;Sévan;1
2018;35238;Rennes;Masculin;Stanis;1
2018;35238;Rennes;Masculin;Suleyman;1
2018;35238;Rennes;Masculin;Willy;1
2018;35238;Rennes;Masculin;Yazid;1
2018;35238;Rennes;Masculin;Zobaire;1
2018;35238;Rennes;Féminin;Charlotte;21
2018;35238;Rennes;Féminin;Eline;3
2018;35238;Rennes;Féminin;Esther;2
2018;35238;Rennes;Féminin;Adëlynna;1
2018;35238;Rennes;Féminin;Amalia;1
2018;35238;Rennes;Masculin;Chemsdine;1
2018;35238;Rennes;Masculin;Eïlathan;1
2018;35238;Rennes;Masculin;Eléandro;1
2018;35238;Rennes;Masculin;Kévin;2
2018;35238;Rennes;Masculin;Matteo;4
2018;35238;Rennes;Masculin;Mahamed;1
2018;35238;Rennes;Masculin;Malouan;1
2018;35238;Rennes;Masculin;Mamadou-Marouane;1
2018;35238;Rennes;Masculin;Michael;1
2018;35238;Rennes;Féminin;Analia;1
2018;35238;Rennes;Féminin;Anavaï;1
2018;35238;Rennes;Féminin;Belkiss;1
2018;35238;Rennes;Féminin;Bibizainab;1
2018;35238;Rennes;Féminin;Charlize;1
2018;35238;Rennes;Féminin;Elisabed;1
2018;35238;Rennes;Féminin;Eudoxie;1
2018;35238;Rennes;Féminin;Helena;1
2018;35238;Rennes;Féminin;Imân;1
2018;35238;Rennes;Masculin;Charlie;7
2018;35238;Rennes;Masculin;Emilio;2
2018;35238;Rennes;Masculin;Ewenn;6
2018;35238;Rennes;Masculin;Jonas;4
2018;35238;Rennes;Féminin;Hadja;2
2018;35238;Rennes;Féminin;Christina;1
2018;35238;Rennes;Masculin;Aubin;4
2018;35238;Rennes;Féminin;Anjaly;1
2018;35238;Rennes;Féminin;Aster;1
2018;35238;Rennes;Féminin;Auxane;1
2018;35238;Rennes;Féminin;Bertille;1
2018;35238;Rennes;Féminin;Coleen;1
2018;35238;Rennes;Féminin;Elénah;1
2018;35238;Rennes;Féminin;Esmeralda;1
2018;35238;Rennes;Féminin;Fatma;1
2018;35238;Rennes;Féminin;Gwenn;1
2018;35238;Rennes;Féminin;Hawaly;1
2018;35238;Rennes;Féminin;Luce;2
2018;35238;Rennes;Féminin;Jeannaïs;1
2018;35238;Rennes;Masculin;Nahel;1
2018;35238;Rennes;Masculin;Nassimeddin;1
2018;35238;Rennes;Masculin;Noble;1
2018;35238;Rennes;Masculin;Omer;1
2018;35238;Rennes;Masculin;Paulin;1
2018;35238;Rennes;Masculin;Souleymane;2
2018;35238;Rennes;Masculin;Thiago;5
2018;35238;Rennes;Masculin;Séni;1
2018;35238;Rennes;Masculin;Shahyn;1
2018;35238;Rennes;Masculin;Slimane;1
2018;35238;Rennes;Masculin;Thibaut;1
2018;35238;Rennes;Masculin;Walig;1
2018;35238;Rennes;Masculin;Ylliam;1
2018;35238;Rennes;Masculin;Zalan;1
2018;35238;Rennes;Féminin;Candice;7
2018;35238;Rennes;Féminin;Aela;2
2018;35238;Rennes;Féminin;Aélia;2
2018;35238;Rennes;Féminin;Aïsha;2
2018;35238;Rennes;Féminin;Elaïs;2
2018;35238;Rennes;Féminin;Abigaëlle;1
2018;35238;Rennes;Féminin;Amétis;1
2018;35238;Rennes;Masculin;Layvin;2
2018;35238;Rennes;Masculin;Ennio;1
2018;35238;Rennes;Masculin;Luka;8
2018;35238;Rennes;Masculin;Isshaq;1
2018;35238;Rennes;Masculin;Izaac;1
2018;35238;Rennes;Masculin;Maélio;2
2018;35238;Rennes;Masculin;Mehdi;3
2018;35238;Rennes;Masculin;Luan;1
2018;35238;Rennes;Masculin;Maxens;1
2018;35238;Rennes;Masculin;Armand;5
2018;35238;Rennes;Masculin;Emile;5
2018;35238;Rennes;Masculin;Etienne;2
2018;35238;Rennes;Masculin;Evann;2
2018;35238;Rennes;Masculin;Eyad;2
2018;35238;Rennes;Masculin;Guillaume;3
2018;35238;Rennes;Masculin;Beka;1
2018;35238;Rennes;Masculin;Bondish-Junior;1
2018;35238;Rennes;Masculin;Joris;2
2018;35238;Rennes;Masculin;Cassius;1
2018;35238;Rennes;Féminin;Layanah;1
2018;35238;Rennes;Féminin;Léanne;1
2018;35238;Rennes;Féminin;Lésia;1
2018;35238;Rennes;Féminin;Léyana;1
2018;35238;Rennes;Féminin;Lindy;1
2018;35238;Rennes;Féminin;Myla;4
2018;35238;Rennes;Féminin;Mailina;1
2018;35238;Rennes;Féminin;Méloé;1
2018;35238;Rennes;Féminin;Natali;1
2018;35238;Rennes;Féminin;Sarah;11
2018;35238;Rennes;Féminin;Valentine;8
2018;35238;Rennes;Féminin;Tanilla;1
2018;35238;Rennes;Féminin;Violette;2
2018;35238;Rennes;Féminin;Wendy;3
2018;35238;Rennes;Féminin;Thays;1
2018;35238;Rennes;Féminin;Yalila;1
2018;35238;Rennes;Féminin;Zayane;1
2018;35238;Rennes;Féminin;Marie;6
2018;35238;Rennes;Féminin;Lenna;1
2018;35238;Rennes;Féminin;Miya;2
2018;35238;Rennes;Féminin;Loreleï;1
2018;35238;Rennes;Féminin;Maddie;1
2018;35238;Rennes;Féminin;Maewenn;1
2018;35238;Rennes;Féminin;Maïssane;1
2018;35238;Rennes;Féminin;Mewenn;1
2018;35238;Rennes;Féminin;M'ma;1
2018;35238;Rennes;Féminin;Nahla;1
2018;35238;Rennes;Féminin;Rosa;1
2018;35238;Rennes;Féminin;Roumaïssa;1
2018;35238;Rennes;Féminin;Safiyya;1
2018;35238;Rennes;Féminin;Scarlet;1
2018;35238;Rennes;Féminin;Swayli;1
2018;35238;Rennes;Féminin;Tehani;1
2018;35238;Rennes;Féminin;Vicélma;1
2018;35238;Rennes;Féminin;Éléna;2
2018;35238;Rennes;Masculin;Sasha;11
2018;35238;Rennes;Masculin;René;1
2018;35238;Rennes;Masculin;Tiham;2
2018;35238;Rennes;Masculin;Soulayman;1
2018;35238;Rennes;Masculin;Soulaymane;1
2018;35238;Rennes;Masculin;Zakarie;1
2018;35238;Rennes;Féminin;Céline;2
2018;35238;Rennes;Féminin;Elina;4
2018;35238;Rennes;Féminin;Emna;2
2018;35238;Rennes;Féminin;Eugénie;2
2018;35238;Rennes;Féminin;Alessia-Crina;1
2018;35238;Rennes;Féminin;Aliya;1
2018;35238;Rennes;Masculin;Elouann;1
2018;35238;Rennes;Masculin;Elvis;1
2018;35238;Rennes;Masculin;Évan;1
2018;35238;Rennes;Masculin;Horan;1
2018;35238;Rennes;Masculin;Izhaq;1
2018;35238;Rennes;Masculin;Jared;1
2018;35238;Rennes;Masculin;Jean-Lucien;1
2018;35238;Rennes;Masculin;Matéo;3
2018;35238;Rennes;Masculin;Kayël-Toumbou;1
2018;35238;Rennes;Masculin;Kerzall;1
2018;35238;Rennes;Masculin;Kilyan;1
2018;35238;Rennes;Masculin;Kimia;1
2018;35238;Rennes;Masculin;Lukas;1
2018;35238;Rennes;Masculin;Manoä;1
2018;35238;Rennes;Masculin;Méli;1
2018;35238;Rennes;Féminin;Ibtissam;2
2018;35238;Rennes;Féminin;Charlène;1
2018;35238;Rennes;Féminin;Elfenn;1
2018;35238;Rennes;Masculin;Brieuc;2
2018;35238;Rennes;Masculin;Evan;13
2018;35238;Rennes;Masculin;Allan;1
2018;35238;Rennes;Masculin;Arane;1
2018;35238;Rennes;Féminin;Kalie;1
2018;35238;Rennes;Féminin;Maya;8
2018;35238;Rennes;Féminin;Linette;1
2018;35238;Rennes;Féminin;Loïssa;1
2018;35238;Rennes;Féminin;Loona;1
2018;35238;Rennes;Féminin;Loujaine;1
2018;35238;Rennes;Féminin;Mariame;1
2018;35238;Rennes;Féminin;Nejma;1
2018;35238;Rennes;Féminin;Nihya;1
2018;35238;Rennes;Masculin;Sofiane;2
2018;35238;Rennes;Masculin;Soen;1
2018;35238;Rennes;Masculin;Taivanbileg;1
2018;35238;Rennes;Masculin;Yman;1
2018;35238;Rennes;Féminin;Cassandre;4
2018;35238;Rennes;Féminin;Evy;2
2018;35238;Rennes;Masculin;Chahid;1
2018;35238;Rennes;Masculin;Coeurtis;1
2018;35238;Rennes;Masculin;Giuliano;1
2018;35238;Rennes;Masculin;Iwan;1
2018;35238;Rennes;Masculin;Liziano;1
2018;35238;Rennes;Masculin;Majid;1
2018;35238;Rennes;Masculin;Mattia;1
2018;35238;Rennes;Féminin;Inaya;13
2018;35238;Rennes;Féminin;Bianca;1
2018;35238;Rennes;Féminin;Hapssatou;1
2018;35238;Rennes;Féminin;Insaf;1
2018;35238;Rennes;Féminin;Lya;7
2018;35238;Rennes;Féminin;Lyla;2
2018;35238;Rennes;Féminin;Isaline;1
2018;35238;Rennes;Masculin;Alessio;1
2018;35238;Rennes;Masculin;Ilyan;3
2018;35238;Rennes;Masculin;Arlann;1
2018;35238;Rennes;Masculin;Armen;1
2018;35238;Rennes;Masculin;Bader;1
2018;35238;Rennes;Masculin;Ben-Yohan;1
2018;35238;Rennes;Masculin;Jean;8
2018;35238;Rennes;Féminin;Lama;1
2018;35238;Rennes;Féminin;Mayssa;5
2018;35238;Rennes;Féminin;Maïssa;3
2018;35238;Rennes;Féminin;Liz;1
2018;35238;Rennes;Féminin;Lizenn;1
2018;35238;Rennes;Féminin;Moïra;2
2018;35238;Rennes;Féminin;Mya;8
2018;35238;Rennes;Féminin;Maëlyse;1
2018;35238;Rennes;Féminin;Mahau;1
2018;35238;Rennes;Féminin;Naëlle;5
2018;35238;Rennes;Féminin;Marwa;1
2018;35238;Rennes;Féminin;Meyronne;1
2018;35238;Rennes;Féminin;Michelle;1
2018;35238;Rennes;Féminin;Pia;3
2018;35238;Rennes;Féminin;Naïscee;1
2018;35238;Rennes;Féminin;Rachel;4
2018;35238;Rennes;Féminin;Nastaran;1
2018;35238;Rennes;Féminin;Nevha;1
2018;35238;Rennes;Féminin;Nikkïa;1
2018;35238;Rennes;Féminin;Ophélia;1
2018;35238;Rennes;Féminin;Shelsy;2
2018;35238;Rennes;Féminin;Rihem;1
2018;35238;Rennes;Féminin;Roxelane;1
2018;35238;Rennes;Féminin;Solenn;4
2018;35238;Rennes;Féminin;Talia;3
2018;35238;Rennes;Féminin;Shirley;1
2018;35238;Rennes;Féminin;Simone;1
2018;35238;Rennes;Féminin;Victorine;2
2018;35238;Rennes;Féminin;Trecia;1
2018;35238;Rennes;Féminin;Tyana;1
2018;35238;Rennes;Féminin;Tyfenn;1
2018;35238;Rennes;Féminin;Yéline;1
2018;35238;Rennes;Féminin;Yléana;1
2018;35238;Rennes;Féminin;Zola;2
2018;35238;Rennes;Féminin;Zoélie;2
2018;35238;Rennes;Masculin;Elie-Gabriel;1
2018;35238;Rennes;Masculin;Énéo;1
2018;35238;Rennes;Masculin;Fode;1
2018;35238;Rennes;Masculin;Giorgi;1
2018;35238;Rennes;Masculin;Glésias;1
2018;35238;Rennes;Masculin;Haïley;1
2018;35238;Rennes;Masculin;Imad;1
2018;35238;Rennes;Masculin;Isaïe;1
2018;35238;Rennes;Masculin;Kaélan;1
2018;35238;Rennes;Masculin;Maël;38
2018;35238;Rennes;Masculin;Morad;2
2018;35238;Rennes;Masculin;Kylliann-Ethan;1
2018;35238;Rennes;Masculin;Lisandro;1
2018;35238;Rennes;Masculin;Nolan;20
2018;35238;Rennes;Masculin;Manoé;1
2018;35238;Rennes;Masculin;Mavérick;1
2018;35238;Rennes;Féminin;Anicia-Bernarda;1
2018;35238;Rennes;Féminin;Ariah;1
2018;35238;Rennes;Féminin;Héloïse;11
2018;35238;Rennes;Féminin;Inês;2
2018;35238;Rennes;Féminin;Chléofée;1
2018;35238;Rennes;Féminin;Christeldy;1
2018;35238;Rennes;Féminin;Clélia;1
2018;35238;Rennes;Féminin;Justine;7
2018;35238;Rennes;Féminin;Edhène;1
2018;35238;Rennes;Féminin;Edwina;1
2018;35238;Rennes;Féminin;Lana;3
2018;35238;Rennes;Féminin;Enaëlle;1
2018;35238;Rennes;Féminin;Éthel;1
2018;35238;Rennes;Féminin;Gauceline;1
2018;35238;Rennes;Féminin;Gouro;1
2018;35238;Rennes;Féminin;Gwanelle;1
2018;35238;Rennes;Féminin;Hassiya;1
2018;35238;Rennes;Féminin;Lucie;19
2018;35238;Rennes;Féminin;Imani;1
2018;35238;Rennes;Féminin;Inssaf;1
2018;35238;Rennes;Féminin;Johanne;1
2018;35238;Rennes;Féminin;Kadia;1
2018;35238;Rennes;Masculin;Noan'n;1
2018;35238;Rennes;Masculin;Nzanga-Christian;1
2018;35238;Rennes;Masculin;Pritihvi;1
2018;35238;Rennes;Masculin;Seban;1
2018;35238;Rennes;Masculin;Semi;1
2018;35238;Rennes;Masculin;Tiwen;1
2018;35238;Rennes;Masculin;Tobias;1
2018;35238;Rennes;Masculin;Yanis;15
2018;35238;Rennes;Masculin;Tymaël;1
2018;35238;Rennes;Féminin;Anaé;6
2018;35238;Rennes;Féminin;Apolline;19
2018;35238;Rennes;Féminin;Assya;3
2018;35238;Rennes;Féminin;Calie;8
2018;35238;Rennes;Féminin;Camila;4
2018;35238;Rennes;Féminin;Clémence;22
2018;35238;Rennes;Féminin;Célia;5
2018;35238;Rennes;Féminin;Ema;2
2018;35238;Rennes;Féminin;Adélie;1
2018;35238;Rennes;Féminin;Aëlynn;1
2018;35238;Rennes;Féminin;Aissatou;1
2018;35238;Rennes;Féminin;Alixe;1
2018;35238;Rennes;Féminin;Amaia;1
2018;35238;Rennes;Féminin;Amélyna;1
2018;35238;Rennes;Masculin;Alexandre;18
2018;35238;Rennes;Masculin;Axel;28
2018;35238;Rennes;Masculin;Anas;4
2018;35238;Rennes;Masculin;Damian;2
2018;35238;Rennes;Masculin;Elijah;2
2018;35238;Rennes;Masculin;Abakar;1
2018;35238;Rennes;Masculin;Gustave;5
2018;35238;Rennes;Masculin;Aëymen;1
2018;35238;Rennes;Masculin;Aimé;1
2018;35238;Rennes;Masculin;Hugo;31
2018;35238;Rennes;Masculin;Azam;1
2018;35238;Rennes;Masculin;Ben-Yamine;1
2018;35238;Rennes;Masculin;Berat;1
2018;35238;Rennes;Masculin;Jonathan;2
2018;35238;Rennes;Féminin;Éva-Mae;1
2018;35238;Rennes;Féminin;Fiona;1
2018;35238;Rennes;Féminin;Lizéa;2
2018;35238;Rennes;Féminin;Houleyma;1
2018;35238;Rennes;Féminin;Jackie-Eva;1
2018;35238;Rennes;Féminin;Jannah;1
2018;35238;Rennes;Féminin;Léonore;2
2018;35238;Rennes;Féminin;Kaïna;1
2018;35238;Rennes;Féminin;Kamelya;1
2018;35238;Rennes;Féminin;Kayla;1
2018;35238;Rennes;Féminin;Martha;2
2018;35238;Rennes;Féminin;Loeiza;1
2018;35238;Rennes;Féminin;Mila;26
2018;35238;Rennes;Féminin;Lola-Sky;1
2018;35238;Rennes;Féminin;Marie-Lou;1
2018;35238;Rennes;Féminin;Norah;10
2018;35238;Rennes;Féminin;Nathalie;1
2018;35238;Rennes;Féminin;Nazlie;1
2018;35238;Rennes;Féminin;Nehya;1
2018;35238;Rennes;Féminin;Nessah;1
2018;35238;Rennes;Féminin;Nia;1
2018;35238;Rennes;Féminin;Niyah;1
2018;35238;Rennes;Féminin;Perrine;1
2018;35238;Rennes;Féminin;Sabrina;1
2018;35238;Rennes;Féminin;Safya;1
2018;35238;Rennes;Féminin;Schiphra;1
2018;35238;Rennes;Féminin;Suzie;3
2018;35238;Rennes;Féminin;Souhanna;1
2018;35238;Rennes;Féminin;Stérenn;1
2018;35238;Rennes;Féminin;Swalianna;1
2018;35238;Rennes;Féminin;Victoria;7
2018;35238;Rennes;Féminin;Turiya;1
2018;35238;Rennes;Féminin;Tyra;1
2018;35238;Rennes;Féminin;Warda;1
2018;35238;Rennes;Féminin;Youmnat;1
2018;35238;Rennes;Féminin;Yousra;1
2018;35238;Rennes;Féminin;Éloïse;2
2018;35238;Rennes;Féminin;Zohal;1
2018;35238;Rennes;Masculin;Alec;3
2018;35238;Rennes;Masculin;David;4
2018;35238;Rennes;Masculin;Aloïs;2
2018;35238;Rennes;Masculin;Andreas;2
2018;35238;Rennes;Masculin;Dylan;4
2018;35238;Rennes;Masculin;Emir;2
2018;35238;Rennes;Masculin;Abdoul-Karim;1
2018;35238;Rennes;Masculin;Harry;2
2018;35238;Rennes;Masculin;Alésio;1
2018;35238;Rennes;Masculin;Alonzo;1
2018;35238;Rennes;Masculin;Andria;1
2018;35238;Rennes;Masculin;Assil;1
2018;35238;Rennes;Masculin;Bourra;1
2018;35238;Rennes;Masculin;Briec;1
2018;35238;Rennes;Masculin;Conan;1
2018;35238;Rennes;Masculin;Lorenzo;4
2018;35238;Rennes;Masculin;Fyann;1
2018;35238;Rennes;Masculin;Lubin;2
2018;35238;Rennes;Masculin;Hakram;1
2018;35238;Rennes;Masculin;Harris;1
2018;35238;Rennes;Masculin;Harrith;1
2018;35238;Rennes;Masculin;Ildiano;1
2018;35238;Rennes;Masculin;Jahméo;1
2018;35238;Rennes;Masculin;Jovany;1
2018;35238;Rennes;Masculin;Junior;1
2018;35238;Rennes;Masculin;Kayle;1
2018;35238;Rennes;Masculin;Mewen;5
2018;35238;Rennes;Masculin;Kezyan;1
2018;35238;Rennes;Masculin;Khadimoulmahi;1
2018;35238;Rennes;Masculin;Khelil;1
2018;35238;Rennes;Masculin;Laël;1
2018;35238;Rennes;Masculin;Lyvio;1
2018;35238;Rennes;Masculin;Paul;39
2018;35238;Rennes;Masculin;Ronan;2
2018;35238;Rennes;Masculin;Ryan;2
2018;35238;Rennes;Masculin;Nillan-Djamil;1
2018;35238;Rennes;Masculin;Noë;1
2018;35238;Rennes;Masculin;Oliverston;1
2018;35238;Rennes;Masculin;Simon;19
2018;35238;Rennes;Masculin;Oumar;1
2018;35238;Rennes;Masculin;Paul-Alfred;1
2018;35238;Rennes;Masculin;Soren;4
2018;35238;Rennes;Masculin;Ruzgar;1
2018;35238;Rennes;Masculin;Santiago;1
2018;35238;Rennes;Masculin;Teo;2
2018;35238;Rennes;Masculin;Shaheen;1
2018;35238;Rennes;Masculin;Théodore;7
2018;35238;Rennes;Masculin;Théophile;2
2018;35238;Rennes;Masculin;Timothée;8
2018;35238;Rennes;Masculin;Ulysse;7
2018;35238;Rennes;Masculin;Yacoub;1
2018;35238;Rennes;Masculin;Yannick;1
2018;35238;Rennes;Masculin;Youri;2
2018;35238;Rennes;Masculin;Ylies;1
2018;35238;Rennes;Masculin;Yolann;1
2018;35238;Rennes;Féminin;Alicia;13
2018;35238;Rennes;Féminin;Blanche;5
2018;35238;Rennes;Féminin;Aliyah;2
2018;35238;Rennes;Féminin;Clara;12
2018;35238;Rennes;Féminin;Clarisse;6
2018;35238;Rennes;Féminin;Cloé;3
2018;35238;Rennes;Féminin;Ayleen;2
2018;35238;Rennes;Féminin;Célestine;5
2018;35238;Rennes;Féminin;Eloïse;8
2018;35238;Rennes;Féminin;Erell;2
2018;35238;Rennes;Féminin;Fatima;2
2018;35238;Rennes;Féminin;Anaïg;1
2018;35238;Rennes;Féminin;Ayamie;1
2018;35238;Rennes;Féminin;Azéline;1
2018;35238;Rennes;Féminin;Janna;2
2018;35238;Rennes;Féminin;Jennah;2
2018;35238;Rennes;Féminin;Clara-Odile;1
2018;35238;Rennes;Féminin;Clem;1
2018;35238;Rennes;Féminin;Dayena;1
2018;35238;Rennes;Féminin;Djina;1
2018;35238;Rennes;Féminin;Dounia;1
2018;35238;Rennes;Féminin;Eleana;1
2018;35238;Rennes;Féminin;Elohé;1
2018;35238;Rennes;Masculin;Albin;4
2018;35238;Rennes;Masculin;Armel;4
2018;35238;Rennes;Masculin;Basile;13
2018;35238;Rennes;Féminin;Chloé;34
2018;35238;Rennes;Féminin;Amra;2
2018;35238;Rennes;Féminin;Diane;7
2018;35238;Rennes;Féminin;Elyna;2
2018;35238;Rennes;Féminin;Agustina;1
2018;35238;Rennes;Féminin;Aïssatou;1
2018;35238;Rennes;Féminin;Alaisha;1
2018;35238;Rennes;Féminin;Allandina;1
2018;35238;Rennes;Masculin;Illiès;1
2018;35238;Rennes;Masculin;Imed;1
2018;35238;Rennes;Masculin;Jahel;1
2018;35238;Rennes;Masculin;Marlon;4
2018;35238;Rennes;Masculin;Joël;1
2018;35238;Rennes;Masculin;Mattéo;7
2018;35238;Rennes;Masculin;Kèlyann;1
2018;35238;Rennes;Masculin;Kéo;1
2018;35238;Rennes;Masculin;Nassim;6
2018;35238;Rennes;Masculin;Louaye;1
2018;35238;Rennes;Masculin;Loukas;1
2018;35238;Rennes;Masculin;Marcello;1
2018;35238;Rennes;Masculin;Rafael;5
2018;35238;Rennes;Masculin;Mezen;1
2018;35238;Rennes;Masculin;Mohand;1
2018;35238;Rennes;Masculin;Muhammed-Musab;1
2018;35238;Rennes;Masculin;Naïre;1
2018;35238;Rennes;Masculin;Olafèmi;1
2018;35238;Rennes;Masculin;Oussama;1
2018;35238;Rennes;Masculin;Paul-Bryan;1
2018;35238;Rennes;Masculin;Paul-Louis;1
2018;35238;Rennes;Masculin;Qassîm;1
2018;35238;Rennes;Masculin;Rowan;1
2018;35238;Rennes;Masculin;Rudy;1
2018;35238;Rennes;Masculin;Shay;1
2018;35238;Rennes;Masculin;Timoté;3
2018;35238;Rennes;Masculin;Titouan;13
2018;35238;Rennes;Masculin;Taylor;1
2018;35238;Rennes;Masculin;Tenuun;1
2018;35238;Rennes;Masculin;Tyler;1
2018;35238;Rennes;Masculin;Yassin;1
2018;35238;Rennes;Masculin;Yoran;1
2018;35238;Rennes;Masculin;Awen;3
2018;35238;Rennes;Masculin;Alassane;1
2018;35238;Rennes;Masculin;Ayas;1
2018;35238;Rennes;Masculin;Bassam;1
2018;35238;Rennes;Masculin;Bençào;1
2018;35238;Rennes;Masculin;Benoît;1
2018;35238;Rennes;Masculin;Kaëlig;2
2018;35238;Rennes;Masculin;Élio;1
2018;35238;Rennes;Masculin;Elizandro;1
2018;35238;Rennes;Masculin;Emre;1
2018;35238;Rennes;Masculin;Enoal;1
2018;35238;Rennes;Masculin;Erfachady;1
2018;35238;Rennes;Masculin;Etan;1
2018;35238;Rennes;Masculin;Flavio;1
2018;35238;Rennes;Masculin;Léandre;11
2018;35238;Rennes;Masculin;Hatim;1
2018;35238;Rennes;Féminin;Anëya-Naysha;1
2018;35238;Rennes;Féminin;Assyah;1
2018;35238;Rennes;Féminin;Aure;1
2018;35238;Rennes;Féminin;Ayma;1
2018;35238;Rennes;Féminin;Blairmie;1
2018;35238;Rennes;Féminin;Chaïma;1
2018;35238;Rennes;Féminin;Elalia;1
2018;35238;Rennes;Féminin;Elfie;1
2018;35238;Rennes;Féminin;Eliza;1
2018;35238;Rennes;Féminin;Elliana;1
2018;35238;Rennes;Féminin;Ellyne;1
2018;35238;Rennes;Féminin;Esme;1
2018;35238;Rennes;Féminin;Farah;1
2018;35238;Rennes;Féminin;Leïla;3
2018;35238;Rennes;Féminin;Gaëlane;1
2018;35238;Rennes;Féminin;Iklim;1
2018;35238;Rennes;Féminin;Isra;1
2018;35238;Rennes;Féminin;Lyna;5
2018;35238;Rennes;Féminin;Lyvia;2
2018;35238;Rennes;Féminin;Joëlla;1
2018;35238;Rennes;Féminin;Lauren;1
2018;35238;Rennes;Féminin;Maéline;2
2018;35238;Rennes;Féminin;Maëlya;2
2018;35238;Rennes;Féminin;Mia;20
2018;35238;Rennes;Féminin;Lora;1
2018;35238;Rennes;Féminin;Mabatour;1
2018;35238;Rennes;Féminin;Maëlenn;1
2018;35238;Rennes;Féminin;Maena;1
2018;35238;Rennes;Féminin;Margarita;1
2018;35238;Rennes;Féminin;Melisa;1
2018;35238;Rennes;Féminin;Nélia;3
2018;35238;Rennes;Féminin;Monika;1
2018;35238;Rennes;Féminin;Naëlla;1
2018;35238;Rennes;Féminin;Nayma;1
2018;35238;Rennes;Féminin;Neïla;1
2018;35238;Rennes;Féminin;Nelyana;1
2018;35238;Rennes;Féminin;Niline;1
2018;35238;Rennes;Féminin;Pernelle;1
2018;35238;Rennes;Féminin;Roisin;1
2018;35238;Rennes;Féminin;Rosane;1
2018;35238;Rennes;Féminin;Rut;1
2018;35238;Rennes;Féminin;Sena;1
2018;35238;Rennes;Féminin;Servane;1
2018;35238;Rennes;Féminin;Sherlyn;1
2018;35238;Rennes;Féminin;Souadou;1
2018;35238;Rennes;Féminin;Yelenna;1
2018;35238;Rennes;Féminin;Yza;1
2018;35238;Rennes;Féminin;Zalina;1
2018;35238;Rennes;Féminin;Zeenate;1
2018;35238;Rennes;Féminin;Hannah;6
2018;35238;Rennes;Féminin;Athénaïs;1
2018;35238;Rennes;Féminin;Aylin;1
2018;35238;Rennes;Féminin;Bonnie;1
2018;35238;Rennes;Féminin;Caelia;1
2018;35238;Rennes;Féminin;Céléna;1
2018;35238;Rennes;Féminin;Ciana;1
2018;35238;Rennes;Féminin;June;3
2018;35238;Rennes;Féminin;Eileen;1
2018;35238;Rennes;Féminin;Eléane;1
2018;35238;Rennes;Féminin;Éléanor;1
2018;35238;Rennes;Féminin;Elie;1
2018;35238;Rennes;Féminin;Elma;1
2018;35238;Rennes;Féminin;Ethel;1
2018;35238;Rennes;Féminin;Flavie;1
2018;35238;Rennes;Féminin;Fleur;1
2018;35238;Rennes;Féminin;Louane;5
2018;35238;Rennes;Féminin;Hilda;1
2018;35238;Rennes;Féminin;Louisy;2
2018;35238;Rennes;Féminin;Hoela;1
2018;35238;Rennes;Féminin;Housnat;1
2018;35238;Rennes;Féminin;Ilhame;1
2018;35238;Rennes;Féminin;Jorcia;1
2018;35238;Rennes;Féminin;Junon;1
2018;35238;Rennes;Féminin;Khénaëlle;1
2018;35238;Rennes;Féminin;Laïya;1
2018;35238;Rennes;Masculin;Muhammad;1
2018;35238;Rennes;Masculin;Nahïl;1
2018;35238;Rennes;Masculin;Natan;1
2018;35238;Rennes;Masculin;Naym;1
2018;35238;Rennes;Masculin;Souleyman;2
2018;35238;Rennes;Masculin;Sosafate;1
2018;35238;Rennes;Masculin;Souhayb;1
2018;35238;Rennes;Masculin;Taïron;1
2018;35238;Rennes;Masculin;Victor;32
2018;35238;Rennes;Masculin;Thyago;1
2018;35238;Rennes;Masculin;Tijani;1
2018;35238;Rennes;Masculin;Wanit;1
2018;35238;Rennes;Masculin;Youenn;5
2018;35238;Rennes;Masculin;Yassine;1
2018;35238;Rennes;Masculin;Yoshua;1
2018;35238;Rennes;Masculin;Ziyad;1
2018;35238;Rennes;Féminin;Anna;33
2018;35238;Rennes;Féminin;Anastasia;3
2018;35238;Rennes;Féminin;Alyah;2
2018;35238;Rennes;Féminin;Amel;2
2018;35238;Rennes;Féminin;Clémentine;4
2018;35238;Rennes;Féminin;Cléo;7
2018;35238;Rennes;Féminin;Awa;2
2018;35238;Rennes;Féminin;Billie;2
2018;35238;Rennes;Féminin;Eléa;4
2018;35238;Rennes;Féminin;Enora;5
2018;35238;Rennes;Féminin;Abby;1
2018;35238;Rennes;Féminin;Abygaëlle;1
2018;35238;Rennes;Féminin;Alisa;1
2018;35238;Rennes;Féminin;Giulia;8
2018;35238;Rennes;Masculin;Denver;1
2018;35238;Rennes;Masculin;Éden;1
2018;35238;Rennes;Masculin;Édouard;1
2018;35238;Rennes;Masculin;Ellio;1
2018;35238;Rennes;Masculin;Lewis;2
2018;35238;Rennes;Masculin;Fabian;1
2018;35238;Rennes;Masculin;Loïs;5
2018;35238;Rennes;Masculin;Lucas;45
2018;35238;Rennes;Masculin;Jasmin;1
2018;35238;Rennes;Masculin;Josselin;1
2018;35238;Rennes;Masculin;Kaci;1
2018;35238;Rennes;Masculin;Maé;3
2018;35238;Rennes;Masculin;Karel;1
2018;35238;Rennes;Masculin;Kelio;1
2018;35238;Rennes;Masculin;Kem;1
2018;35238;Rennes;Masculin;Kevin;1
2018;35238;Rennes;Masculin;Lyan;1
2018;35238;Rennes;Masculin;Nolann;5
2018;35238;Rennes;Masculin;Pacôme;2
2018;35238;Rennes;Masculin;Mchangama;1
2018;35238;Rennes;Masculin;Meho;1
2018;35238;Rennes;Masculin;Melroy;1
2018;35238;Rennes;Masculin;Aël;3
2018;35238;Rennes;Masculin;Anton;3
2018;35238;Rennes;Masculin;Aristide;3
2018;35238;Rennes;Masculin;Adil;2
2018;35238;Rennes;Masculin;Eliano;2
2018;35238;Rennes;Masculin;Florent;2
2018;35238;Rennes;Masculin;Abde;1
2018;35238;Rennes;Masculin;Adama;1
2018;35238;Rennes;Masculin;Ian;2
2018;35238;Rennes;Masculin;Ilan;8
2018;35238;Rennes;Masculin;Amory;1
2018;35238;Rennes;Masculin;Jacob;2
2018;35238;Rennes;Masculin;Burkay;1
2018;35238;Rennes;Féminin;Maëlane;2
2018;35238;Rennes;Féminin;Leïna;1
2018;35238;Rennes;Féminin;Maëly;3
2018;35238;Rennes;Féminin;Léoni;1
2018;35238;Rennes;Féminin;Leslie;1
2018;35238;Rennes;Féminin;Liyah;1
2018;35238;Rennes;Féminin;Madline;1
2018;35238;Rennes;Féminin;Maïlys;1
2018;35238;Rennes;Féminin;Naïma;2
2018;35238;Rennes;Féminin;Malya;1
2018;35238;Rennes;Féminin;Mama;1
2018;35238;Rennes;Féminin;Manoa;1
2018;35238;Rennes;Féminin;Maysaa;1
2018;35238;Rennes;Féminin;Mayssane;1
2018;35238;Rennes;Féminin;Meïly;1
2018;35238;Rennes;Féminin;Melike;1
2018;35238;Rennes;Féminin;Michena;1
2018;35238;Rennes;Féminin;Naomy;1
2018;35238;Rennes;Féminin;Nastou;1
2018;35238;Rennes;Féminin;Norig;1
2018;35238;Rennes;Féminin;Safaa;2
2018;35238;Rennes;Féminin;Paula;1
2018;35238;Rennes;Féminin;Soline;10
2018;35238;Rennes;Féminin;Sévil;1
2018;35238;Rennes;Féminin;Soléane;1
2018;35238;Rennes;Féminin;Tessnim;1
2018;35238;Rennes;Féminin;Tiphaine;1
2018;35238;Rennes;Féminin;Yaël;2
2018;35238;Rennes;Féminin;Vanï;1
2018;35238;Rennes;Féminin;Ynès;2
2018;35238;Rennes;Féminin;Whitney;1
2018;35238;Rennes;Féminin;Yona;1
2018;35238;Rennes;Féminin;Maddy;3
2018;35238;Rennes;Féminin;Kayline;1
2018;35238;Rennes;Féminin;Kayna;1
2018;35238;Rennes;Féminin;Loann;1
2018;35238;Rennes;Féminin;Loïs;1
2018;35238;Rennes;Féminin;Manuela;1
2018;35238;Rennes;Féminin;Maona;1
2018;35238;Rennes;Féminin;Noéline;3
2018;35238;Rennes;Féminin;Olympe;3
2018;35238;Rennes;Féminin;Moina;1
2018;35238;Rennes;Féminin;Paloma;2
2018;35238;Rennes;Féminin;Rosalie;4
2018;35238;Rennes;Féminin;Samia;2
2018;35238;Rennes;Féminin;Priscillia;1
2018;35238;Rennes;Féminin;Rozerin;1
2018;35238;Rennes;Féminin;Salomé-Maria;1
2018;35238;Rennes;Féminin;Saloua;1
2018;35238;Rennes;Féminin;Suzanne;9
2018;35238;Rennes;Féminin;Tamara;4
2018;35238;Rennes;Féminin;Thaïs;5
2018;35238;Rennes;Féminin;Swana;1
2018;35238;Rennes;Féminin;Victoire;6
2018;35238;Rennes;Féminin;Thersia;1
2018;35238;Rennes;Féminin;Tomboché;1
2018;35238;Rennes;Masculin;Roméo;4
2018;35238;Rennes;Masculin;Ness;1
2018;35238;Rennes;Masculin;Nohlan;1
2018;35238;Rennes;Masculin;Nolhan;1
2018;35238;Rennes;Masculin;Ouwessou;1
2018;35238;Rennes;Masculin;Philéas;1
2018;35238;Rennes;Masculin;Qadir;1
2018;35238;Rennes;Masculin;Robinson;1
2018;35238;Rennes;Masculin;Safwane;1
2018;35238;Rennes;Masculin;Sami;1
2018;35238;Rennes;Masculin;Sayan;1
2018;35238;Rennes;Masculin;Shayïn;1
2018;35238;Rennes;Masculin;Timaé;2
2018;35238;Rennes;Masculin;Sowënn;1
2018;35238;Rennes;Masculin;Syphax;1
2018;35238;Rennes;Masculin;Thyam;1
2018;35238;Rennes;Masculin;Tony;1
2018;35238;Rennes;Masculin;Yessin;1
2018;35238;Rennes;Masculin;Yusuf;2
2018;35238;Rennes;Masculin;Yusuf-Ilyas;1
2018;35238;Rennes;Masculin;Zelimkhan;1
2018;35238;Rennes;Féminin;Agathe;28
2018;35238;Rennes;Féminin;Bérénice;6
2018;35238;Rennes;Féminin;Appoline;2
2018;35238;Rennes;Féminin;Coline;5
2018;35238;Rennes;Féminin;Céleste;8
2018;35238;Rennes;Féminin;Daphné;4
2018;35238;Rennes;Féminin;Abbygaël;1
2018;35238;Rennes;Féminin;Aéryn;1
2018;35238;Rennes;Masculin;Julien;2
2018;35238;Rennes;Masculin;Dario;1
2018;35238;Rennes;Masculin;Edgar;1
2018;35238;Rennes;Masculin;Edwyn;1
2018;35238;Rennes;Masculin;Eiden;1
2018;35238;Rennes;Masculin;Elija;1
2018;35238;Rennes;Masculin;Kyllian;3
2018;35238;Rennes;Masculin;Énori;1
2018;35238;Rennes;Masculin;Ernis;1
2018;35238;Rennes;Masculin;Livio;3
2018;35238;Rennes;Masculin;Ezio;1
2018;35238;Rennes;Masculin;Gawen;1
2018;35238;Rennes;Masculin;Hafid;1
2018;35238;Rennes;Masculin;Idris;1
2018;35238;Rennes;Masculin;Mamadou;2
2018;35238;Rennes;Masculin;Iosif-Emmanuel;1
2018;35238;Rennes;Masculin;Jean-Baptiste;1
2018;35238;Rennes;Masculin;Josef;1
2018;35238;Rennes;Masculin;Kélyan;1
2018;35238;Rennes;Masculin;Kéoni;1
2018;35238;Rennes;Masculin;Milàn;2
2018;35238;Rennes;Masculin;Laddy;1
2018;35238;Rennes;Masculin;Laouenan;1
2018;35238;Rennes;Masculin;Luase;1
2018;35238;Rennes;Masculin;Lucenzo;1
2018;35238;Rennes;Masculin;Nino;12
2018;35238;Rennes;Masculin;Mahone;1
2018;35238;Rennes;Masculin;Manel;1
2018;35238;Rennes;Masculin;Marian-Daniel;1
2018;35238;Rennes;Masculin;Mario;1
2018;35238;Rennes;Masculin;Mathéis;1
2018;35238;Rennes;Féminin;Holy;2
2018;35238;Rennes;Féminin;Assia-Mariame;1
2018;35238;Rennes;Féminin;Aysegül;1
2018;35238;Rennes;Féminin;Azooti;1
2018;35238;Rennes;Féminin;Israa;4
2018;35238;Rennes;Féminin;Besra;1
2018;35238;Rennes;Féminin;Bessma;1
2018;35238;Rennes;Féminin;Camilia;1
2018;35238;Rennes;Féminin;Casandra;1
2018;35238;Rennes;Féminin;Christelle;1
2018;35238;Rennes;Féminin;Elysia;1
2018;35238;Rennes;Féminin;Emily;1
2018;35238;Rennes;Féminin;Laurette;2
2018;35238;Rennes;Féminin;Gwenlyn;1
2018;35238;Rennes;Féminin;Haneïa;1
2018;35238;Rennes;Féminin;Inas;1
2018;35238;Rennes;Féminin;Issir;1
2018;35238;Rennes;Féminin;Jayla;1
2018;35238;Rennes;Féminin;Joana;1
2018;35238;Rennes;Féminin;Joane;1
2018;35238;Rennes;Masculin;Anatole;8
2018;35238;Rennes;Masculin;Andrea;4
2018;35238;Rennes;Masculin;Ayman;3
2018;35238;Rennes;Masculin;Dorian;2
2018;35238;Rennes;Masculin;Eliott;28
2018;35238;Rennes;Masculin;Gael;2
2018;35238;Rennes;Masculin;Aïden;1
2018;35238;Rennes;Masculin;Amand;1
2018;35238;Rennes;Masculin;Anicet;1
2018;35238;Rennes;Masculin;Isaïah;3
2018;35238;Rennes;Masculin;Ashuu;1
2018;35238;Rennes;Masculin;Aslann;1
2018;35238;Rennes;Masculin;Ateliano;1
2018;35238;Rennes;Masculin;Bartolomé;1
2018;35238;Rennes;Féminin;Mariama;3
2018;35238;Rennes;Féminin;Kyliana;1
2018;35238;Rennes;Féminin;Kyria;1
2018;35238;Rennes;Féminin;Lala;1
2018;35238;Rennes;Féminin;Lenaig;1
2018;35238;Rennes;Féminin;Loo;1
2018;35238;Rennes;Féminin;Lounna;1
2018;35238;Rennes;Féminin;Lylouane;1
2018;35238;Rennes;Féminin;Lyse-Andréa;1
2018;35238;Rennes;Féminin;Maë;1
2018;35238;Rennes;Féminin;Marylou;1
2018;35238;Rennes;Féminin;Priscille;3
2018;35238;Rennes;Féminin;Noela;1
2018;35238;Rennes;Féminin;Norma;1
2018;35238;Rennes;Féminin;Noura;1
2018;35238;Rennes;Féminin;Octavie;1
2018;35238;Rennes;Féminin;Oumoul-Ide;1
2018;35238;Rennes;Féminin;Rafaëlle;1
2018;35238;Rennes;Féminin;Razane;1
2018;35238;Rennes;Féminin;Rokia;1
2018;35238;Rennes;Féminin;Sana;1
2018;35238;Rennes;Féminin;Stéphanie;1
2018;35238;Rennes;Féminin;Wapéa;1
2018;35238;Rennes;Masculin;Clotaire;1
2018;35238;Rennes;Masculin;Deangelo;1
2018;35238;Rennes;Masculin;Destiny;1
2018;35238;Rennes;Masculin;El;1
2018;35238;Rennes;Masculin;Eliezer;1
2018;35238;Rennes;Masculin;Elios;1
2018;35238;Rennes;Masculin;Leandro;2
2018;35238;Rennes;Masculin;Liam;31
2018;35238;Rennes;Masculin;Eweyn;1
2018;35238;Rennes;Masculin;Logan;4
2018;35238;Rennes;Masculin;Fantin;1
2018;35238;Rennes;Masculin;Hadem;1
2018;35238;Rennes;Masculin;Hanaï;1
2018;35238;Rennes;Masculin;Haydan;1
2018;35238;Rennes;Masculin;Hernan;1
2018;35238;Rennes;Masculin;Idriss;1
2018;35238;Rennes;Masculin;Malick;2
2018;35238;Rennes;Masculin;Ilyasse;1
2018;35238;Rennes;Masculin;Marin;16
2018;35238;Rennes;Masculin;Jolan;1
2018;35238;Rennes;Masculin;Kayson;1
2018;35238;Rennes;Masculin;Khaliq;1
2018;35238;Rennes;Masculin;Khayil;1
2018;35238;Rennes;Masculin;Mohammed;4
2018;35238;Rennes;Masculin;Kyerann;1
2018;35238;Rennes;Masculin;Muhammed;3
2018;35238;Rennes;Masculin;Nabil;2
2018;35238;Rennes;Masculin;Lony;1
2018;35238;Rennes;Masculin;Lyel;1
2018;35238;Rennes;Masculin;Macky;1
2018;35238;Rennes;Masculin;Manouk;1
2018;35238;Rennes;Masculin;Mateo;1
2018;35238;Rennes;Masculin;Matthis;1
2018;35238;Rennes;Masculin;Mihary;1
2018;35238;Rennes;Masculin;Rayane;2
2018;35238;Rennes;Masculin;Miran;1
2018;35238;Rennes;Féminin;Andra;1
2018;35238;Rennes;Féminin;Andrée;1
2018;35238;Rennes;Féminin;Anelia;1
2018;35238;Rennes;Féminin;Hélène;2
2018;35238;Rennes;Féminin;Aziliz;1
2018;35238;Rennes;Féminin;Jana;3
2018;35238;Rennes;Féminin;Chahinez;1
2018;35238;Rennes;Féminin;Elynne;1
2018;35238;Rennes;Féminin;Enkhtur;1
2018;35238;Rennes;Féminin;Estelle;1
2018;35238;Rennes;Féminin;Leia;2
2018;35238;Rennes;Féminin;Lena;3
2018;35238;Rennes;Féminin;Fioralba;1
2018;35238;Rennes;Féminin;Gwenaëlle;1
2018;35238;Rennes;Féminin;Hanaë;1
2018;35238;Rennes;Féminin;Hazell;1
2018;35238;Rennes;Féminin;Hélèna;1
2018;35238;Rennes;Féminin;Lyloo;2
2018;35238;Rennes;Féminin;Johanna;1
2018;35238;Rennes;Féminin;Jouri;1
2018;35238;Rennes;Masculin;Mouhamed;1
2018;35238;Rennes;Masculin;Nans;1
2018;35238;Rennes;Masculin;Nayel;1
2018;35238;Rennes;Masculin;Nicolas;1
2018;35238;Rennes;Masculin;Phanuel-Blessing;1
2018;35238;Rennes;Masculin;Raffael;1
2018;35238;Rennes;Masculin;Rayen;1
2018;35238;Rennes;Masculin;Remus;1
2018;35238;Rennes;Masculin;Timothé;6
2018;35238;Rennes;Masculin;Thylan;1
2018;35238;Rennes;Masculin;Tylio;1
2018;35238;Rennes;Masculin;Tymael;1
2018;35238;Rennes;Masculin;Tymothéo;1
2018;35238;Rennes;Masculin;Valère;1
2018;35238;Rennes;Masculin;Warenn;1
2018;35238;Rennes;Masculin;Wayden;1
2018;35238;Rennes;Masculin;Youan;1
2018;35238;Rennes;Masculin;Youcef;1
2018;35238;Rennes;Masculin;Ywan;1
2018;35238;Rennes;Masculin;Zayn;1
2018;35238;Rennes;Féminin;Carmen;4
2018;35238;Rennes;Féminin;Alexane;2
2018;35238;Rennes;Féminin;Constance;7
2018;35238;Rennes;Féminin;Darnell;2
2018;35238;Rennes;Féminin;Elisa;13
2018;35238;Rennes;Féminin;Elise;13
2018;35238;Rennes;Féminin;Ella;4
2018;35238;Rennes;Féminin;Eléanor;2
2018;35238;Rennes;Masculin;Achille;5
2018;35238;Rennes;Masculin;Bastien;4
2018;35238;Rennes;Masculin;Ange;3
2018;35238;Rennes;Masculin;Anthony;2
2018;35238;Rennes;Masculin;Eliot;6
2018;35238;Rennes;Masculin;Abdel;1
2018;35238;Rennes;Masculin;Adryan;1
2018;35238;Rennes;Masculin;Ameth;1
2018;35238;Rennes;Masculin;Anand;1
2018;35238;Rennes;Masculin;Archibald;1
2018;35238;Rennes;Masculin;Awab;1
2018;35238;Rennes;Masculin;Calixte;1
2018;35238;Rennes;Masculin;César;1
2018;35238;Rennes;Féminin;Emeline;1
2018;35238;Rennes;Féminin;Esmée-Sahra;1
2018;35238;Rennes;Féminin;Esra;1
2018;35238;Rennes;Féminin;Fatime;1
2018;35238;Rennes;Féminin;Lia;3
2018;35238;Rennes;Féminin;Furmaïra;1
2018;35238;Rennes;Féminin;Lindsey;2
2018;35238;Rennes;Féminin;Liza;2
2018;35238;Rennes;Féminin;Hawa;1
2018;35238;Rennes;Féminin;Léïa;3
2018;35238;Rennes;Féminin;Lahna;1
2018;35238;Rennes;Féminin;Maryam;2
2018;35238;Rennes;Féminin;Lilé;1
2018;35238;Rennes;Féminin;Linah;1
2018;35238;Rennes;Féminin;Linon;1
2018;35238;Rennes;Féminin;Maleta;1
2018;35238;Rennes;Féminin;Mayelice;1
2018;35238;Rennes;Féminin;Nola;3
2018;35238;Rennes;Féminin;Mckenzie;1
2018;35238;Rennes;Féminin;Mevlana;1
2018;35238;Rennes;Féminin;Onenn;1
2018;35238;Rennes;Féminin;Phoebe;1
2018;35238;Rennes;Féminin;Radia;1
2018;35238;Rennes;Féminin;Rawan;1
2018;35238;Rennes;Féminin;Rokhaya;1
2018;35238;Rennes;Féminin;Rose-Lilly;1
2018;35238;Rennes;Féminin;Rozenn;1
2018;35238;Rennes;Féminin;Sterenn;2
2018;35238;Rennes;Féminin;Sawsane;1
2018;35238;Rennes;Féminin;Sheyenne;1
2018;35238;Rennes;Féminin;Shinesse;1
2018;35238;Rennes;Féminin;Souhaïla;1
2018;35238;Rennes;Féminin;Théa;8
2018;35238;Rennes;Féminin;Sylvie;1
2018;35238;Rennes;Féminin;Taranom;1
2018;35238;Rennes;Féminin;Thaiÿs;1
2018;35238;Rennes;Féminin;Yaëlle;3
2018;35238;Rennes;Féminin;Ynaïs;1
2018;35238;Rennes;Féminin;Éline;3
2018;35238;Rennes;Féminin;Éléanore;2
2018;35238;Rennes;Masculin;Alex;3
2018;35238;Rennes;Masculin;Aymane;3
2018;35238;Rennes;Masculin;Dany;2
2018;35238;Rennes;Masculin;Adnan;1
2018;35238;Rennes;Masculin;Akram;1
2018;35238;Rennes;Masculin;Anar;1
2018;35238;Rennes;Masculin;Anastase;1
2018;35238;Rennes;Masculin;Ayssem;1
2018;35238;Rennes;Masculin;James;2
2018;35238;Rennes;Masculin;Bilâl;1
2018;35238;Rennes;Masculin;Johan;6
2018;35238;Rennes;Masculin;Cameron;1
2018;35238;Rennes;Masculin;Clarence;1
2018;35238;Rennes;Masculin;Kamil;2
2018;35238;Rennes;Masculin;Daymon;1
2018;35238;Rennes;Masculin;Delil;1
2018;35238;Rennes;Masculin;Demir;1
2018;35238;Rennes;Masculin;Déyann;1
2018;35238;Rennes;Masculin;Deyvon;1
2018;35238;Rennes;Masculin;Divin;1
2018;35238;Rennes;Masculin;Kenzo;5
2018;35238;Rennes;Masculin;Eïden;1
2018;35238;Rennes;Masculin;Eloi;1
2018;35238;Rennes;Masculin;Elouane;1
2018;35238;Rennes;Masculin;Fahadillahi;1
2018;35238;Rennes;Masculin;Ferdinand;1
2018;35238;Rennes;Masculin;Goran;1
2018;35238;Rennes;Masculin;Habib-Omar;1
2018;35238;Rennes;Masculin;Halory;1
2018;35238;Rennes;Masculin;Helano;1
2018;35238;Rennes;Masculin;Hiyabel;1
2018;35238;Rennes;Masculin;Iliasse;1
2018;35238;Rennes;Masculin;Ilwan;1
2018;35238;Rennes;Masculin;Marcus;4
2018;35238;Rennes;Masculin;Jewad;1
2018;35238;Rennes;Masculin;Maëlan;3
2018;35238;Rennes;Masculin;Kaysan;1
2018;35238;Rennes;Masculin;Melvyn;2
2018;35238;Rennes;Masculin;Milo;13
2018;35238;Rennes;Masculin;Nathaël;2
2018;35238;Rennes;Masculin;Maho;1
2018;35238;Rennes;Masculin;Markshayno;1
2018;35238;Rennes;Masculin;Paolo;2
2018;35238;Rennes;Masculin;Matis;1
2018;35238;Rennes;Masculin;Moktar;1
2018;35238;Rennes;Masculin;Nohan;1
2018;35238;Rennes;Masculin;Obed;1
2018;35238;Rennes;Masculin;Pierre-Emmanuel;1
2018;35238;Rennes;Masculin;Tahys;3
2018;35238;Rennes;Masculin;Souhayl;1
2018;35238;Rennes;Masculin;Timothy;1
2018;35238;Rennes;Masculin;Toanui;1
2018;35238;Rennes;Masculin;Wedi;1
2018;35238;Rennes;Masculin;Youssef;2
2018;35238;Rennes;Masculin;Ymran;1
2018;35238;Rennes;Masculin;Younés;1
2018;35238;Rennes;Masculin;Yves-Junior;1
2018;35238;Rennes;Masculin;Zyed;1
2018;35238;Rennes;Féminin;Alba;4
2018;35238;Rennes;Féminin;Aëla;2
2018;35238;Rennes;Féminin;Ada;1
2018;35238;Rennes;Féminin;Aëlyah;1
2018;35238;Rennes;Féminin;Alwena;1
2018;35238;Rennes;Féminin;Andrea;1
2018;35238;Rennes;Féminin;Hanna;2
2018;35238;Rennes;Féminin;Arwen;1
2018;35238;Rennes;Féminin;Héléna;6
2018;35238;Rennes;Féminin;Awa-Marième;1
2018;35238;Rennes;Féminin;Bayane;1
2018;35238;Rennes;Féminin;Cassiopée;1
2018;35238;Rennes;Féminin;Joséphine;9
2018;35238;Rennes;Féminin;Cléa;1
2018;35238;Rennes;Féminin;Judith;9
2018;35238;Rennes;Féminin;Dary;1
2018;35238;Rennes;Féminin;Dézya;1
2018;35238;Rennes;Masculin;Adrien;7
2018;35238;Rennes;Masculin;Amine;7
2018;35238;Rennes;Masculin;Antoine;18
2018;35238;Rennes;Masculin;Augustin;23
2018;35238;Rennes;Féminin;Angèle;7
2018;35238;Rennes;Féminin;Aria;4
2018;35238;Rennes;Féminin;Amandine;3
2018;35238;Rennes;Féminin;Amina;3
2018;35238;Rennes;Féminin;Augustine;2
2018;35238;Rennes;Féminin;Ayana;2
2018;35238;Rennes;Féminin;Coralie;3
2018;35238;Rennes;Féminin;Eléna;5
2018;35238;Rennes;Féminin;Ernestine;2
2018;35238;Rennes;Féminin;Gwendoline;2
2018;35238;Rennes;Masculin;Arsène;7
2018;35238;Rennes;Masculin;Isao;1
2018;35238;Rennes;Masculin;Islam;1
2018;35238;Rennes;Masculin;Marwan;2
2018;35238;Rennes;Masculin;Jibril;1
2018;35238;Rennes;Masculin;Juluan;1
2018;35238;Rennes;Masculin;Kleines-Parfait;1
2018;35238;Rennes;Masculin;Lê-Vinh;1
2018;35238;Rennes;Masculin;Levy;1
2018;35238;Rennes;Masculin;Naël;21
2018;35238;Rennes;Masculin;Noah;33
2018;35238;Rennes;Masculin;Noham;9
2018;35238;Rennes;Masculin;Maëlitsï;1
2018;35238;Rennes;Masculin;Maïron;1
2018;35238;Rennes;Masculin;Maodan;1
2018;35238;Rennes;Masculin;Marlow;1
2018;35238;Rennes;Masculin;Merwan;1
2018;35238;Rennes;Masculin;Mickaël;1
2018;35238;Rennes;Masculin;Rayan;8
2018;35238;Rennes;Masculin;Noäm;1
2018;35238;Rennes;Masculin;Odeye;1
2018;35238;Rennes;Masculin;Pol;1
2018;35238;Rennes;Masculin;Rahèm;1
2018;35238;Rennes;Masculin;Ryhad;1
2018;35238;Rennes;Masculin;Shahine;1
2018;35238;Rennes;Masculin;Shelton;1
2018;35238;Rennes;Masculin;Sofian;1
2018;35238;Rennes;Masculin;Sydney;1
2018;35238;Rennes;Masculin;Timotei;1
2018;35238;Rennes;Masculin;Wyatt;2
2018;35238;Rennes;Masculin;Tuani;1
2018;35238;Rennes;Masculin;Yann;2
2018;35238;Rennes;Masculin;Aedan;3
2018;35238;Rennes;Masculin;Briac;5
2018;35238;Rennes;Masculin;Célestin;3
2018;35238;Rennes;Masculin;Amadou;2
2018;35238;Rennes;Masculin;Araz;2
2018;35238;Rennes;Masculin;Colin;2
2018;35238;Rennes;Masculin;Gabin;46
2018;35238;Rennes;Masculin;Georges;3
2018;35238;Rennes;Masculin;Abdul-Malik;1
2018;35238;Rennes;Masculin;Aden;1
2018;35238;Rennes;Masculin;Aladar;1
2018;35238;Rennes;Masculin;Alvin;1
2018;35238;Rennes;Masculin;Imran;5
2018;35238;Rennes;Masculin;Jaden;5
2018;35238;Rennes;Masculin;Joseph;6
2018;35238;Rennes;Masculin;Emmanuel;1
2018;35238;Rennes;Masculin;Eozen;1
2018;35238;Rennes;Masculin;Estebann;1
2018;35238;Rennes;Masculin;Ezékiel;1
2018;35238;Rennes;Masculin;Harden;1
2018;35238;Rennes;Masculin;Heaven;1
2018;35238;Rennes;Féminin;Hayden;2
2018;35238;Rennes;Féminin;Julianna;2
2018;35238;Rennes;Féminin;Djenebou;1
2018;35238;Rennes;Féminin;Dunvel;1
2018;35238;Rennes;Féminin;El;1
2018;35238;Rennes;Féminin;Eloane;1
2018;35238;Rennes;Féminin;Elza;1
2018;35238;Rennes;Féminin;Erynn;1
2018;35238;Rennes;Féminin;Leonor;2
2018;35238;Rennes;Féminin;Eyala;1
2018;35238;Rennes;Féminin;Leïa;2
2018;35238;Rennes;Féminin;Haylee;1
2018;35238;Rennes;Féminin;Heilani;1
2018;35238;Rennes;Féminin;Louisa;17
2018;35238;Rennes;Féminin;Louison;4
2018;35238;Rennes;Féminin;Malia;2
2018;35238;Rennes;Féminin;Kenza;1
2018;35238;Rennes;Féminin;Margot;17
2018;35238;Rennes;Féminin;Khadidja-Yassra;1
2018;35238;Rennes;Féminin;Lexy;1
2018;35238;Rennes;Féminin;Lïa;1
2018;35238;Rennes;Féminin;Loeïza;1
2018;35238;Rennes;Féminin;Loïza;1
2018;35238;Rennes;Féminin;Lore;1
2018;35238;Rennes;Féminin;Lyne;1
2018;35238;Rennes;Féminin;Mariéme;1
2018;35238;Rennes;Féminin;Maywène;1
2018;35238;Rennes;Féminin;Olivia;12
2018;35238;Rennes;Féminin;Meyrone;1
2018;35238;Rennes;Féminin;Mira;1
2018;35238;Rennes;Féminin;Naïg;1
2018;35238;Rennes;Féminin;Neillya;1
2018;35238;Rennes;Féminin;Romane;27
2018;35238;Rennes;Féminin;Odicia;1
2018;35238;Rennes;Féminin;Paule;1
2018;35238;Rennes;Féminin;Saphira;1
2018;35238;Rennes;Féminin;Sardoine;1
2018;35238;Rennes;Féminin;Sawda;1
2018;35238;Rennes;Féminin;Talya;4
2018;35238;Rennes;Féminin;Siyana;1
2018;35238;Rennes;Féminin;Thelma;4
2018;35238;Rennes;Féminin;Tidjana;1
2018;35238;Rennes;Féminin;Wilina;1
2018;35238;Rennes;Féminin;Zehra;1
2018;35238;Rennes;Féminin;Zoulaïha;1
2018;35238;Rennes;Féminin;Anouck;1
2018;35238;Rennes;Féminin;Asya;1
2018;35238;Rennes;Féminin;Azélie;1
2018;35238;Rennes;Féminin;Dylwenn;1
2018;35238;Rennes;Féminin;Dyna;1
2018;35238;Rennes;Féminin;Klervi;2
2018;35238;Rennes;Féminin;Luna;9
2018;35238;Rennes;Féminin;Juna;1
2018;35238;Rennes;Féminin;Kaïcia;1
2018;35238;Rennes;Féminin;Kelig;1
2018;35238;Rennes;Féminin;Khailyanne;1
2018;35238;Rennes;Féminin;Marilou;3
2018;35238;Rennes;Masculin;Shayne;1
2018;35238;Rennes;Masculin;Théoden;1
2018;35238;Rennes;Masculin;Yahya;1
2018;35238;Rennes;Féminin;Ana;4
2018;35238;Rennes;Masculin;Chris;1
2018;35238;Rennes;Masculin;Christ;1
2018;35238;Rennes;Masculin;Dan;1
2018;35238;Rennes;Masculin;Kylian;2
2018;35238;Rennes;Masculin;Elyssiann;1
2018;35238;Rennes;Masculin;Leeroy;2
2018;35238;Rennes;Masculin;Leo;2
2018;35238;Rennes;Masculin;Loan;8
2018;35238;Rennes;Masculin;Ezéquiel;1
2018;35238;Rennes;Masculin;Fanch;1
2018;35238;Rennes;Masculin;Fred;1
2018;35238;Rennes;Masculin;Gaspar;1
2018;35238;Rennes;Masculin;Gwenael;1
2018;35238;Rennes;Masculin;Lyam;7
2018;35238;Rennes;Masculin;Lény;4
2018;35238;Rennes;Masculin;Houcine;1
2018;35238;Rennes;Masculin;Marlo;2
2018;35238;Rennes;Masculin;Matthias;2
2018;35238;Rennes;Masculin;Matthieu;3
2018;35238;Rennes;Masculin;Kaël;1
2018;35238;Rennes;Masculin;Kahil;1
2018;35238;Rennes;Masculin;Keith;1
2018;35238;Rennes;Masculin;Kelyan;1
2018;35238;Rennes;Masculin;Kémo;1
2018;35238;Rennes;Masculin;Mouhamad;2
2018;35238;Rennes;Masculin;Loëvan;1
2018;35238;Rennes;Masculin;Nils;4
2018;35238;Rennes;Masculin;Lysandro;1
2018;35238;Rennes;Masculin;Matthew;1
2018;35238;Rennes;Masculin;Maxandre;1
2018;35238;Rennes;Masculin;Pierre;8
2018;35238;Rennes;Masculin;Aylan;3
2018;35238;Rennes;Masculin;Aliocha;2
2018;35238;Rennes;Masculin;Ayron;2
2018;35238;Rennes;Masculin;Erwann;2
2018;35238;Rennes;Masculin;Ethann;3
2018;35238;Rennes;Masculin;Gabriel;55
2018;35238;Rennes;Masculin;Hector;6
2018;35238;Rennes;Masculin;Ancelin;1
2018;35238;Rennes;Masculin;Areski;1
2018;35238;Rennes;Masculin;Ayuub;1
2018;35238;Rennes;Féminin;Maxine;6
2018;35238;Rennes;Féminin;Luléa;1
2018;35238;Rennes;Féminin;Mélodie;2
2018;35238;Rennes;Féminin;Madenn;1
2018;35238;Rennes;Féminin;Naya;4
2018;35238;Rennes;Féminin;Mariami;1
2018;35238;Rennes;Féminin;Mélie;1
2018;35238;Rennes;Féminin;Naéli;1
2018;35238;Rennes;Féminin;Neylla;1
2018;35238;Rennes;Féminin;Norélia;1
2018;35238;Rennes;Féminin;Nouhaïla;1
2018;35238;Rennes;Féminin;Oihana;1
2018;35238;Rennes;Féminin;Onaylis;1
2018;35238;Rennes;Féminin;Parisse;1
2018;35238;Rennes;Féminin;Rama-Eva;1
2018;35238;Rennes;Féminin;Sirine;2
2018;35238;Rennes;Féminin;Taïna;1
2018;35238;Rennes;Féminin;Wendy-Ayo;1
2018;35238;Rennes;Féminin;Zayi;1
2018;35238;Rennes;Féminin;Kamélia;1
2018;35238;Rennes;Féminin;Kéanne;1
2018;35238;Rennes;Féminin;Kenzye;1
2018;35238;Rennes;Féminin;Lanaell;1
2018;35238;Rennes;Féminin;Leana;1
2018;35238;Rennes;Féminin;Medina;1
2018;35238;Rennes;Féminin;Mylene;1
2018;35238;Rennes;Féminin;Nadia;1
2018;35238;Rennes;Féminin;Naila;1
2018;35238;Rennes;Féminin;Naoumi;1
2018;35238;Rennes;Féminin;Nessa;1
2018;35238;Rennes;Féminin;Nickye;1
2018;35238;Rennes;Féminin;Nolwenn;1
2018;35238;Rennes;Féminin;Ornellia;1
2018;35238;Rennes;Féminin;Safae;1
2018;35238;Rennes;Féminin;Selena;1
2018;35238;Rennes;Féminin;Tara;3
2018;35238;Rennes;Féminin;Soumaya;1
2018;35238;Rennes;Féminin;Sukenia;1
2018;35238;Rennes;Féminin;Tia;1
2018;35238;Rennes;Féminin;Tya;1
2018;35238;Rennes;Masculin;Romain;2
2018;35238;Rennes;Masculin;Moubarak;1
2018;35238;Rennes;Masculin;Rayann;1
2018;35238;Rennes;Masculin;Sélim;1
2018;35238;Rennes;Masculin;Tiago;11
2018;35238;Rennes;Masculin;Sinan;1
2018;35238;Rennes;Masculin;Tom;21
2018;35238;Rennes;Masculin;Stann;1
2018;35238;Rennes;Masculin;Temüjin;1
2018;35238;Rennes;Masculin;Thilio;1
2018;35238;Rennes;Masculin;Yacine;1
2018;35238;Rennes;Masculin;Yekta;1
2018;35238;Rennes;Masculin;Zakaria;6
2018;35238;Rennes;Masculin;Yvon;1
2018;35238;Rennes;Masculin;Élyo;2
2018;35238;Rennes;Féminin;Alissa;2
2018;35238;Rennes;Féminin;Eden;4
2018;35238;Rennes;Féminin;Erika;2
2018;35238;Rennes;Féminin;Amela;1
2018;35238;Rennes;Masculin;Charles-Henri;1
2018;35238;Rennes;Masculin;Kassim;3
2018;35238;Rennes;Masculin;Ilouen;1
2018;35238;Rennes;Masculin;Jordan;1
2018;35238;Rennes;Masculin;Mohamed;8
2018;35238;Rennes;Masculin;Nathanaël;8
2018;35238;Rennes;Masculin;Nessim;2
2018;35238;Rennes;Masculin;Paol;3
2018;35238;Rennes;Masculin;Meven;1
2018;35238;Rennes;Masculin;Robert;2
2018;35238;Rennes;Féminin;Aura;1
2018;35238;Rennes;Féminin;Ava;1
2018;35238;Rennes;Féminin;Awatif;1
2018;35238;Rennes;Féminin;Ayline;1
2018;35238;Rennes;Féminin;Clothilde;1
2018;35238;Rennes;Féminin;Clotilde;1
2018;35238;Rennes;Féminin;Glycéria;1
2018;35238;Rennes;Féminin;Louise;44
2018;35238;Rennes;Masculin;Aurèle;2
2018;35238;Rennes;Masculin;Aman;1
2018;35238;Rennes;Masculin;Illan;2
2018;35238;Rennes;Masculin;Aylann;1
2018;35238;Rennes;Féminin;Analya;1
2018;35238;Rennes;Féminin;Ilyana;3
2018;35238;Rennes;Féminin;Cemre;1
2018;35238;Rennes;Féminin;Eeva;1
2018;35238;Rennes;Féminin;Elyne;1
2018;35238;Rennes;Féminin;Emmy-Lou;1
2018;35238;Rennes;Féminin;Esila;1
2018;35238;Rennes;Féminin;Lilas;4
2018;35238;Rennes;Féminin;Florentine;1
2018;35238;Rennes;Féminin;Florine;1
2018;35238;Rennes;Féminin;Freyja;1
2018;35238;Rennes;Féminin;Giuliia;1
2018;35238;Rennes;Féminin;Hüma;1
2018;35238;Rennes;Féminin;Léa;28
2018;35238;Rennes;Féminin;Lélia;2
2018;35238;Rennes;Féminin;Jouwayriya;1
2018;35238;Rennes;Féminin;Kadjidja;1
2018;35238;Rennes;Féminin;Maloé;3
2018;35238;Rennes;Féminin;Kellyah;1
2018;35238;Rennes;Féminin;Khadija;1
2018;35238;Rennes;Masculin;Naël-Sena;1
2018;35238;Rennes;Masculin;Shawn;2
2018;35238;Rennes;Masculin;Sékou;1
2018;35238;Rennes;Masculin;Souaréba;1
2018;35238;Rennes;Masculin;Stan;1
2018;35238;Rennes;Masculin;Tyliann;2
2018;35238;Rennes;Masculin;Thélio;1
2018;35238;Rennes;Masculin;Tiziano;1
2018;35238;Rennes;Masculin;Tyron;1
2018;35238;Rennes;Masculin;Yannig;1
2018;35238;Rennes;Masculin;Ylan;1
2018;35238;Rennes;Féminin;Brune;3
2018;35238;Rennes;Féminin;Camélia;2
2018;35238;Rennes;Féminin;Aichetou;1
2018;35238;Rennes;Féminin;Amicie;1
2018;35238;Rennes;Masculin;Corwin;1
2018;35238;Rennes;Masculin;Cyprien;1
2018;35238;Rennes;Masculin;Dalvic;1
2018;35238;Rennes;Masculin;Darius;1
2018;35238;Rennes;Masculin;Dutty-Amaru;1
2018;35238;Rennes;Masculin;Elly;1
2018;35238;Rennes;Masculin;Evan-Ghislain;1
2018;35238;Rennes;Masculin;Exupéry;1
2018;35238;Rennes;Masculin;Fansty;1
2018;35238;Rennes;Masculin;Lou;5
2018;35238;Rennes;Masculin;François;1
2018;35238;Rennes;Masculin;Hakeem;1
2018;35238;Rennes;Masculin;Hélyass;1
2018;35238;Rennes;Masculin;Marius;25
2018;35238;Rennes;Masculin;Marley;2
2018;35238;Rennes;Masculin;Jassem;1
2018;35238;Rennes;Masculin;Jemsey;1
2018;35238;Rennes;Masculin;Joan;1
2018;35238;Rennes;Masculin;Kerem;1
2018;35238;Rennes;Masculin;Matys;1
2018;35238;Rennes;Féminin;Anne-Laure;1
2018;35238;Rennes;Féminin;Bathylda;1
2018;35238;Rennes;Féminin;Juliette;38
2018;35238;Rennes;Féminin;Izanami;1
2018;35238;Rennes;Masculin;Aksel;3
2018;35238;Rennes;Masculin;Aydan;3
2018;35238;Rennes;Masculin;Daniel;3
2018;35238;Rennes;Masculin;Enaël;5
2018;35238;Rennes;Masculin;Gaspard;24
2018;35238;Rennes;Masculin;Adan;1
2018;35238;Rennes;Masculin;Ademe;1
2018;35238;Rennes;Masculin;Alp;1
2018;35238;Rennes;Masculin;Amar;1
